year,node_id,units,revenue
2027,METRO_BE_brussels,540.0,244944.0
2027,METRO_BE_antwerp,268.0,121564.8
2027,METRO_BE_liege,173.0,78472.8
2027,METRO_BE_gent,121.0,54885.60000000001
2027,METRO_BE_charleroi,105.0,47628.0
2027,METRO_DE_berlin,897.0,406879.2
2027,METRO_DE_hamburg,448.0,203212.8
2027,METRO_DE_munich,400.0,181440.0
2027,METRO_DE_koeln,242.0,109771.2
2027,METRO_DE_frankfurt_am_main,166.0,75297.6
2027,METRO_DE_duesseldorf,161.0,73029.6
2027,METRO_DE_stuttgart,160.0,72576.0
2027,METRO_DE_leipzig,153.0,69400.8
2027,METRO_DE_dresden,150.0,68040.0
2027,METRO_DE_dortmund,148.0,67132.8
2027,METRO_DE_essen,145.0,65772.0
2027,METRO_DE_bremen,143.0,64864.8
2027,METRO_DE_hannover,135.0,61236.0
2027,METRO_DE_duisburg,133.0,60328.8
2027,METRO_DE_nuernberg,126.0,57153.60000000001
2027,METRO_DE_wandsbek,103.0,46720.8
2027,METRO_DE_bochum,96.0,43545.60000000001
2027,METRO_DE_bochum_hordel,95.0,43092.0
2027,METRO_DE_mannheim,88.0,39916.8
2027,METRO_DE_wuppertal,87.0,39463.2
2027,METRO_DE_bielefeld,84.0,38102.4
2027,METRO_DE_karlsruhe,81.0,36741.6
2027,METRO_DE_bonn,80.0,36288.0
2027,METRO_DE_marienthal,72.0,32659.2
2027,METRO_DE_hamburg_nord,71.0,32205.6
2027,METRO_DE_wiesbaden,69.0,31298.4
2027,METRO_DE_muenster,69.0,31298.4
2027,METRO_DE_gelsenkirchen,68.0,30844.8
2027,METRO_DE_aachen,67.0,30391.2
2027,METRO_DE_moenchengladbach,66.0,29937.6
2027,METRO_DE_augsburg,66.0,29937.6
2027,METRO_DE_eimsbuettel,63.0,28576.8
2027,METRO_DE_altona,63.0,28576.8
2027,METRO_DE_chemnitz,62.0,28123.2
2027,METRO_DE_braunschweig,62.0,28123.2
2027,METRO_DE_krefeld,60.0,27216.0
2027,METRO_DE_halle_saale,59.0,26762.4
2027,METRO_DE_hamburg_mitte,59.0,26762.4
2027,METRO_DE_kiel,59.0,26762.4
2027,METRO_DE_magdeburg,58.0,26308.8
2027,METRO_DE_neue_neustadt,57.0,25855.2
2027,METRO_DE_oberhausen,55.0,24948.0
2027,METRO_DE_freiburg,55.0,24948.0
2027,METRO_DE_luebeck,53.0,24040.8
2027,METRO_DE_erfurt,51.0,23133.6
2027,METRO_DE_harburg,52.0,23587.2
2027,METRO_DE_hagen,50.0,22680.0
2027,METRO_DE_rostock,50.0,22680.0
2027,METRO_DE_kassel,49.0,22226.4
2027,METRO_DE_hamm,47.0,21319.2
2027,METRO_DE_mainz,47.0,21319.2
2027,METRO_DE_saarbruecken,45.0,20412.0
2027,METRO_DE_herne,43.0,19504.8
2027,METRO_DE_muelheim,43.0,19504.8
2027,METRO_DE_neukoelln,42.0,19051.2
2027,METRO_DE_osnabrueck,42.0,19051.2
2027,METRO_DE_solingen,41.0,18597.6
2027,METRO_NL_amsterdam,301.0,136533.6
2027,METRO_NL_rotterdam,259.0,117482.4
2027,METRO_NL_the_hague,183.0,83008.8
2027,METRO_NL_utrecht,146.0,66225.6
2027,METRO_NL_eindhoven,94.0,42638.4
2027,METRO_NL_tilburg,50.0,22680.0
2027,METRO_NL_groningen,46.0,20865.6
2027,METRO_NL_almere_stad,45.0,20412.0
2027,METRO_NL_breda,42.0,19051.2
2027,METRO_DK_copenhagen,0.0,0.0
2027,METRO_DK_arhus,0.0,0.0
2027,METRO_EE_tallinn,0.0,0.0
2027,METRO_FI_helsinki,0.0,0.0
2027,METRO_FI_tampere,0.0,0.0
2027,METRO_FI_espoo,0.0,0.0
2027,METRO_FI_vantaa,0.0,0.0
2027,METRO_FI_turku,0.0,0.0
2027,METRO_LV_riga,0.0,0.0
2027,METRO_LT_vilnius,0.0,0.0
2027,METRO_LT_kaunas,0.0,0.0
2027,METRO_LT_klaipeda,0.0,0.0
2027,METRO_NO_oslo,0.0,0.0
2027,METRO_NO_bergen,0.0,0.0
2027,METRO_PL_warsaw,0.0,0.0
2027,METRO_PL_krakow,0.0,0.0
2027,METRO_PL_lodz,0.0,0.0
2027,METRO_PL_wroclaw,0.0,0.0
2027,METRO_PL_poznan,0.0,0.0
2027,METRO_PL_gdansk,0.0,0.0
2027,METRO_PL_szczecin,0.0,0.0
2027,METRO_PL_bydgoszcz,0.0,0.0
2027,METRO_PL_lublin,0.0,0.0
2027,METRO_PL_katowice,0.0,0.0
2027,METRO_PL_bialystok,0.0,0.0
2027,METRO_PL_gdynia,0.0,0.0
2027,METRO_PL_czestochowa,0.0,0.0
2027,METRO_PL_sosnowiec,0.0,0.0
2027,METRO_PL_radom,0.0,0.0
2027,METRO_PL_mokotow,0.0,0.0
2027,METRO_PL_torun,0.0,0.0
2027,METRO_PL_kielce,0.0,0.0
2027,METRO_PL_gliwice,0.0,0.0
2027,METRO_PL_zabrze,0.0,0.0
2027,METRO_PL_bytom,0.0,0.0
2027,METRO_PL_praga_poludnie,0.0,0.0
2027,METRO_PL_bielsko_biala,0.0,0.0
2027,METRO_PL_olsztyn,0.0,0.0
2027,METRO_SE_stockholm,0.0,0.0
2027,METRO_SE_gothenburg,0.0,0.0
2027,METRO_SE_malmo,0.0,0.0
2027,METRO_AT_vienna,0.0,0.0
2027,METRO_AT_graz,0.0,0.0
2027,METRO_AT_linz,0.0,0.0
2027,METRO_AT_favoriten,0.0,0.0
2027,METRO_AT_donaustadt,0.0,0.0
2027,METRO_FR_paris,0.0,0.0
2027,METRO_FR_lyon,0.0,0.0
2027,METRO_FR_marseille,0.0,0.0
2027,METRO_FR_lille,0.0,0.0
2027,METRO_FR_toulouse,0.0,0.0
2027,METRO_FR_bordeaux,0.0,0.0
2027,METRO_FR_nice,0.0,0.0
2027,METRO_FR_nantes,0.0,0.0
2027,METRO_FR_toulon,0.0,0.0
2027,METRO_FR_grenoble,0.0,0.0
2027,METRO_FR_strasbourg,0.0,0.0
2027,METRO_FR_montpellier,0.0,0.0
2027,METRO_FR_avignon,0.0,0.0
2027,METRO_FR_rouen,0.0,0.0
2027,METRO_FR_saint_etienne,0.0,0.0
2027,METRO_FR_rennes,0.0,0.0
2027,METRO_FR_tours,0.0,0.0
2027,METRO_FR_bethune,0.0,0.0
2027,METRO_FR_valenciennes,0.0,0.0
2027,METRO_FR_reims,0.0,0.0
2027,METRO_FR_le_havre,0.0,0.0
2027,METRO_FR_cergy_pontoise,0.0,0.0
2027,METRO_FR_angers,0.0,0.0
2027,METRO_IE_dublin,0.0,0.0
2027,METRO_IE_cork,0.0,0.0
2027,METRO_IE_dun_laoghaire,0.0,0.0
2027,METRO_IT_rome,0.0,0.0
2027,METRO_IT_milan,0.0,0.0
2027,METRO_IT_naples,0.0,0.0
2027,METRO_IT_turin,0.0,0.0
2027,METRO_IT_bergamo,0.0,0.0
2027,METRO_IT_palermo,0.0,0.0
2027,METRO_IT_bologna,0.0,0.0
2027,METRO_IT_florence,0.0,0.0
2027,METRO_IT_padova,0.0,0.0
2027,METRO_IT_genoa,0.0,0.0
2027,METRO_IT_busto_arsizio,0.0,0.0
2027,METRO_IT_verona,0.0,0.0
2027,METRO_IT_seregno,0.0,0.0
2027,METRO_IT_bari,0.0,0.0
2027,METRO_IT_catania,0.0,0.0
2027,METRO_IT_brescia,0.0,0.0
2027,METRO_IT_como,0.0,0.0
2027,METRO_IT_cagliari,0.0,0.0
2027,METRO_IT_latina,0.0,0.0
2027,METRO_IT_taranto,0.0,0.0
2027,METRO_IT_caserta,0.0,0.0
2027,METRO_IT_salerno,0.0,0.0
2027,METRO_IT_treviso,0.0,0.0
2027,METRO_IT_pescara,0.0,0.0
2027,METRO_IT_modena,0.0,0.0
2027,METRO_IT_barletta,0.0,0.0
2027,METRO_IT_parma,0.0,0.0
2027,METRO_IT_vicenza,0.0,0.0
2027,METRO_IT_nola,0.0,0.0
2027,METRO_IT_lecco,0.0,0.0
2027,METRO_IT_messina,0.0,0.0
2027,METRO_IT_trieste,0.0,0.0
2027,METRO_IT_prato,0.0,0.0
2027,METRO_IT_reggio_calabria,0.0,0.0
2027,METRO_PT_lisbon,0.0,0.0
2027,METRO_PT_porto,0.0,0.0
2027,METRO_PT_amadora,0.0,0.0
2027,METRO_ES_madrid,0.0,0.0
2027,METRO_ES_barcelona,0.0,0.0
2027,METRO_ES_valencia,0.0,0.0
2027,METRO_ES_zaragoza,0.0,0.0
2027,METRO_ES_sevilla,0.0,0.0
2027,METRO_ES_malaga,0.0,0.0
2027,METRO_ES_murcia,0.0,0.0
2027,METRO_ES_palma,0.0,0.0
2027,METRO_ES_alicante,0.0,0.0
2027,METRO_ES_las_palmas_de_gran_canaria,0.0,0.0
2027,METRO_ES_bilbao,0.0,0.0
2027,METRO_ES_cordoba,0.0,0.0
2027,METRO_ES_vigo,0.0,0.0
2027,METRO_ES_valladolid,0.0,0.0
2027,METRO_ES_gijon,0.0,0.0
2027,METRO_ES_eixample,0.0,0.0
2027,METRO_ES_l_hospitalet_de_llobregat,0.0,0.0
2027,METRO_ES_latina,0.0,0.0
2027,METRO_ES_carabanchel,0.0,0.0
2027,METRO_ES_a_coruna,0.0,0.0
2027,METRO_ES_puente_de_vallecas,0.0,0.0
2027,METRO_ES_sant_marti,0.0,0.0
2027,METRO_ES_gasteiz_vitoria,0.0,0.0
2027,METRO_ES_granada,0.0,0.0
2027,METRO_ES_elche,0.0,0.0
2027,METRO_ES_ciudad_lineal,0.0,0.0
2027,METRO_ES_oviedo,0.0,0.0
2027,METRO_ES_santa_cruz_de_tenerife,0.0,0.0
2027,METRO_ES_fuencarral_el_pardo,0.0,0.0
2027,METRO_ES_badalona,0.0,0.0
2027,METRO_ES_cartagena,0.0,0.0
2027,METRO_ES_terrassa,0.0,0.0
2027,METRO_ES_jerez_de_la_frontera,0.0,0.0
2027,METRO_ES_sabadell,0.0,0.0
2027,METRO_ES_mostoles,0.0,0.0
2027,METRO_ES_alcala_de_henares,0.0,0.0
2027,METRO_ES_pamplona,0.0,0.0
2027,METRO_ES_fuenlabrada,0.0,0.0
2027,METRO_ES_almeria,0.0,0.0
2027,METRO_ES_leganes,0.0,0.0
2027,METRO_ES_san_sebastian,0.0,0.0
2027,METRO_ES_sants_montjuic,0.0,0.0
2027,METRO_ES_santander,0.0,0.0
2027,METRO_ES_castello_de_la_plana,0.0,0.0
2027,METRO_ES_burgos,0.0,0.0
2027,METRO_ES_albacete,0.0,0.0
2027,METRO_ES_horta_guinardo,0.0,0.0
2027,METRO_ES_alcorcon,0.0,0.0
2027,METRO_ES_getafe,0.0,0.0
2027,METRO_ES_nou_barris,0.0,0.0
2027,METRO_CH_zurich,0.0,0.0
2027,METRO_CH_geneva,0.0,0.0
2027,METRO_CH_basel,0.0,0.0
2027,METRO_CH_lausanne,0.0,0.0
2027,METRO_CH_bern,0.0,0.0
2027,METRO_BG_sofia,0.0,0.0
2027,METRO_BG_plovdiv,0.0,0.0
2027,METRO_BG_varna,0.0,0.0
2027,METRO_BG_burgas,0.0,0.0
2027,METRO_HR_zagreb,0.0,0.0
2027,METRO_HR_split,0.0,0.0
2027,METRO_CY_nicosia,0.0,0.0
2027,METRO_CZ_prague,0.0,0.0
2027,METRO_CZ_brno,0.0,0.0
2027,METRO_CZ_ostrava,0.0,0.0
2027,METRO_CZ_pilsen,0.0,0.0
2027,METRO_GR_athens,0.0,0.0
2027,METRO_GR_thessaloniki,0.0,0.0
2027,METRO_GR_patras,0.0,0.0
2027,METRO_GR_piraeus,0.0,0.0
2027,METRO_HU_budapest,0.0,0.0
2027,METRO_HU_debrecen,0.0,0.0
2027,METRO_HU_miskolc,0.0,0.0
2027,METRO_HU_szeged,0.0,0.0
2027,METRO_RO_bucharest,0.0,0.0
2027,METRO_RO_iasi,0.0,0.0
2027,METRO_RO_cluj_napoca,0.0,0.0
2027,METRO_RO_timisoara,0.0,0.0
2027,METRO_RO_craiova,0.0,0.0
2027,METRO_RO_constanta,0.0,0.0
2027,METRO_RO_galati,0.0,0.0
2027,METRO_RO_brasov,0.0,0.0
2027,METRO_RO_ploiesti,0.0,0.0
2027,METRO_RO_braila,0.0,0.0
2027,METRO_RO_oradea,0.0,0.0
2027,METRO_RO_bacau,0.0,0.0
2027,METRO_RO_arad,0.0,0.0
2027,METRO_RO_pitesti,0.0,0.0
2027,METRO_MT_valletta,0.0,0.0
2027,METRO_SK_bratislava,0.0,0.0
2027,METRO_SK_kosice,0.0,0.0
2027,METRO_SI_ljubljana,0.0,0.0
2027,METRO_LU_luxembourg,20.0,9072.0
2027,NONMETRO_AT,0.0,0.0
2027,NONMETRO_BE,1743.0,789960.0
2027,NONMETRO_BG,0.0,0.0
2027,NONMETRO_CH,0.0,0.0
2027,NONMETRO_CY,0.0,0.0
2027,NONMETRO_CZ,0.0,0.0
2027,NONMETRO_DE,14630.0,6636240.0
2027,NONMETRO_DK,0.0,0.0
2027,NONMETRO_EE,0.0,0.0
2027,NONMETRO_ES,0.0,0.0
2027,NONMETRO_FI,0.0,0.0
2027,NONMETRO_FR,0.0,0.0
2027,NONMETRO_GR,0.0,0.0
2027,NONMETRO_HR,0.0,0.0
2027,NONMETRO_HU,0.0,0.0
2027,NONMETRO_IE,0.0,0.0
2027,NONMETRO_IT,0.0,0.0
2027,NONMETRO_LT,0.0,0.0
2027,NONMETRO_LU,155.0,71040.0
2027,NONMETRO_LV,0.0,0.0
2027,NONMETRO_MT,0.0,0.0
2027,NONMETRO_NL,3473.0,1575240.0
2027,NONMETRO_NO,0.0,0.0
2027,NONMETRO_PL,0.0,0.0
2027,NONMETRO_PT,0.0,0.0
2027,NONMETRO_RO,0.0,0.0
2027,NONMETRO_SE,0.0,0.0
2027,NONMETRO_SI,0.0,0.0
2027,NONMETRO_SK,0.0,0.0
2028,METRO_BE_brussels,976.0,442713.6
2028,METRO_BE_antwerp,484.0,219542.4
2028,METRO_BE_liege,313.0,141976.8
2028,METRO_BE_gent,218.0,98884.8
2028,METRO_BE_charleroi,190.0,86184.0
2028,METRO_DE_berlin,1616.0,733017.6000000001
2028,METRO_DE_hamburg,806.0,365601.6
2028,METRO_DE_munich,723.0,327952.8
2028,METRO_DE_koeln,436.0,197769.6
2028,METRO_DE_frankfurt_am_main,306.0,138801.6
2028,METRO_DE_duesseldorf,291.0,131997.6
2028,METRO_DE_stuttgart,288.0,130636.8
2028,METRO_DE_leipzig,277.0,125647.2
2028,METRO_DE_dresden,270.0,122472.0
2028,METRO_DE_dortmund,266.0,120657.6
2028,METRO_DE_essen,262.0,118843.2
2028,METRO_DE_bremen,257.0,116575.2
2028,METRO_DE_hannover,243.0,110224.8
2028,METRO_DE_duisburg,240.0,108864.0
2028,METRO_DE_nuernberg,230.0,104328.0
2028,METRO_DE_wandsbek,187.0,84823.2
2028,METRO_DE_bochum,173.0,78472.8
2028,METRO_DE_bochum_hordel,172.0,78019.2
2028,METRO_DE_mannheim,158.0,71668.8
2028,METRO_DE_wuppertal,157.0,71215.2
2028,METRO_DE_bielefeld,151.0,68493.6
2028,METRO_DE_karlsruhe,147.0,66679.2
2028,METRO_DE_bonn,145.0,65772.0
2028,METRO_DE_marienthal,131.0,59421.60000000001
2028,METRO_DE_hamburg_nord,129.0,58514.4
2028,METRO_DE_wiesbaden,124.0,56246.4
2028,METRO_DE_muenster,126.0,57153.60000000001
2028,METRO_DE_gelsenkirchen,122.0,55339.2
2028,METRO_DE_aachen,122.0,55339.2
2028,METRO_DE_moenchengladbach,119.0,53978.4
2028,METRO_DE_augsburg,121.0,54885.60000000001
2028,METRO_DE_eimsbuettel,114.0,51710.4
2028,METRO_DE_altona,113.0,51256.8
2028,METRO_DE_chemnitz,113.0,51256.8
2028,METRO_DE_braunschweig,112.0,50803.2
2028,METRO_DE_krefeld,108.0,48988.8
2028,METRO_DE_halle_saale,107.0,48535.2
2028,METRO_DE_hamburg_mitte,107.0,48535.2
2028,METRO_DE_kiel,107.0,48535.2
2028,METRO_DE_magdeburg,105.0,47628.0
2028,METRO_DE_neue_neustadt,102.0,46267.2
2028,METRO_DE_oberhausen,99.0,44906.4
2028,METRO_DE_freiburg,101.0,45813.60000000001
2028,METRO_DE_luebeck,97.0,43999.2
2028,METRO_DE_erfurt,94.0,42638.4
2028,METRO_DE_harburg,95.0,43092.0
2028,METRO_DE_hagen,90.0,40824.0
2028,METRO_DE_rostock,91.0,41277.6
2028,METRO_DE_kassel,89.0,40370.4
2028,METRO_DE_hamm,84.0,38102.4
2028,METRO_DE_mainz,85.0,38556.0
2028,METRO_DE_saarbruecken,82.0,37195.2
2028,METRO_DE_herne,78.0,35380.8
2028,METRO_DE_muelheim,78.0,35380.8
2028,METRO_DE_neukoelln,75.0,34020.0
2028,METRO_DE_osnabrueck,77.0,34927.2
2028,METRO_DE_solingen,75.0,34020.0
2028,METRO_NL_amsterdam,545.0,247212.0
2028,METRO_NL_rotterdam,468.0,212284.8
2028,METRO_NL_the_hague,332.0,150595.2
2028,METRO_NL_utrecht,265.0,120204.0
2028,METRO_NL_eindhoven,171.0,77565.6
2028,METRO_NL_tilburg,91.0,41277.6
2028,METRO_NL_groningen,83.0,37648.8
2028,METRO_NL_almere_stad,81.0,36741.6
2028,METRO_NL_breda,76.0,34473.6
2028,METRO_DK_copenhagen,357.0,161935.2
2028,METRO_DK_arhus,61.0,27669.6
2028,METRO_EE_tallinn,115.0,52164.0
2028,METRO_FI_helsinki,344.0,156038.4
2028,METRO_FI_tampere,89.0,40370.4
2028,METRO_FI_espoo,67.0,30391.2
2028,METRO_FI_vantaa,49.0,22226.4
2028,METRO_FI_turku,45.0,20412.0
2028,METRO_LV_riga,152.0,68947.2
2028,METRO_LT_vilnius,135.0,61236.0
2028,METRO_LT_kaunas,95.0,43092.0
2028,METRO_LT_klaipeda,49.0,22226.4
2028,METRO_NO_oslo,290.0,131544.0
2028,METRO_NO_bergen,54.0,24494.4
2028,METRO_PL_warsaw,450.0,204120.0
2028,METRO_PL_krakow,192.0,87091.20000000001
2028,METRO_PL_lodz,159.0,72122.40000000001
2028,METRO_PL_wroclaw,160.0,72576.0
2028,METRO_PL_poznan,128.0,58060.8
2028,METRO_PL_gdansk,116.0,52617.60000000001
2028,METRO_PL_szczecin,98.0,44452.8
2028,METRO_PL_bydgoszcz,83.0,37648.8
2028,METRO_PL_lublin,81.0,36741.6
2028,METRO_PL_katowice,78.0,35380.8
2028,METRO_PL_bialystok,73.0,33112.8
2028,METRO_PL_gdynia,63.0,28576.8
2028,METRO_PL_czestochowa,61.0,27669.6
2028,METRO_PL_sosnowiec,56.0,25401.6
2028,METRO_PL_radom,56.0,25401.6
2028,METRO_PL_mokotow,53.0,24040.8
2028,METRO_PL_torun,52.0,23587.2
2028,METRO_PL_kielce,52.0,23587.2
2028,METRO_PL_gliwice,49.0,22226.4
2028,METRO_PL_zabrze,47.0,21319.2
2028,METRO_PL_bytom,46.0,20865.6
2028,METRO_PL_praga_poludnie,47.0,21319.2
2028,METRO_PL_bielsko_biala,44.0,19958.4
2028,METRO_PL_olsztyn,43.0,19504.8
2028,METRO_SE_stockholm,447.0,202759.2
2028,METRO_SE_gothenburg,165.0,74844.0
2028,METRO_SE_malmo,87.0,39463.2
2028,METRO_AT_vienna,0.0,0.0
2028,METRO_AT_graz,0.0,0.0
2028,METRO_AT_linz,0.0,0.0
2028,METRO_AT_favoriten,0.0,0.0
2028,METRO_AT_donaustadt,0.0,0.0
2028,METRO_FR_paris,0.0,0.0
2028,METRO_FR_lyon,0.0,0.0
2028,METRO_FR_marseille,0.0,0.0
2028,METRO_FR_lille,0.0,0.0
2028,METRO_FR_toulouse,0.0,0.0
2028,METRO_FR_bordeaux,0.0,0.0
2028,METRO_FR_nice,0.0,0.0
2028,METRO_FR_nantes,0.0,0.0
2028,METRO_FR_toulon,0.0,0.0
2028,METRO_FR_grenoble,0.0,0.0
2028,METRO_FR_strasbourg,0.0,0.0
2028,METRO_FR_montpellier,0.0,0.0
2028,METRO_FR_avignon,0.0,0.0
2028,METRO_FR_rouen,0.0,0.0
2028,METRO_FR_saint_etienne,0.0,0.0
2028,METRO_FR_rennes,0.0,0.0
2028,METRO_FR_tours,0.0,0.0
2028,METRO_FR_bethune,0.0,0.0
2028,METRO_FR_valenciennes,0.0,0.0
2028,METRO_FR_reims,0.0,0.0
2028,METRO_FR_le_havre,0.0,0.0
2028,METRO_FR_cergy_pontoise,0.0,0.0
2028,METRO_FR_angers,0.0,0.0
2028,METRO_IE_dublin,0.0,0.0
2028,METRO_IE_cork,0.0,0.0
2028,METRO_IE_dun_laoghaire,0.0,0.0
2028,METRO_IT_rome,0.0,0.0
2028,METRO_IT_milan,0.0,0.0
2028,METRO_IT_naples,0.0,0.0
2028,METRO_IT_turin,0.0,0.0
2028,METRO_IT_bergamo,0.0,0.0
2028,METRO_IT_palermo,0.0,0.0
2028,METRO_IT_bologna,0.0,0.0
2028,METRO_IT_florence,0.0,0.0
2028,METRO_IT_padova,0.0,0.0
2028,METRO_IT_genoa,0.0,0.0
2028,METRO_IT_busto_arsizio,0.0,0.0
2028,METRO_IT_verona,0.0,0.0
2028,METRO_IT_seregno,0.0,0.0
2028,METRO_IT_bari,0.0,0.0
2028,METRO_IT_catania,0.0,0.0
2028,METRO_IT_brescia,0.0,0.0
2028,METRO_IT_como,0.0,0.0
2028,METRO_IT_cagliari,0.0,0.0
2028,METRO_IT_latina,0.0,0.0
2028,METRO_IT_taranto,0.0,0.0
2028,METRO_IT_caserta,0.0,0.0
2028,METRO_IT_salerno,0.0,0.0
2028,METRO_IT_treviso,0.0,0.0
2028,METRO_IT_pescara,0.0,0.0
2028,METRO_IT_modena,0.0,0.0
2028,METRO_IT_barletta,0.0,0.0
2028,METRO_IT_parma,0.0,0.0
2028,METRO_IT_vicenza,0.0,0.0
2028,METRO_IT_nola,0.0,0.0
2028,METRO_IT_lecco,0.0,0.0
2028,METRO_IT_messina,0.0,0.0
2028,METRO_IT_trieste,0.0,0.0
2028,METRO_IT_prato,0.0,0.0
2028,METRO_IT_reggio_calabria,0.0,0.0
2028,METRO_PT_lisbon,0.0,0.0
2028,METRO_PT_porto,0.0,0.0
2028,METRO_PT_amadora,0.0,0.0
2028,METRO_ES_madrid,0.0,0.0
2028,METRO_ES_barcelona,0.0,0.0
2028,METRO_ES_valencia,0.0,0.0
2028,METRO_ES_zaragoza,0.0,0.0
2028,METRO_ES_sevilla,0.0,0.0
2028,METRO_ES_malaga,0.0,0.0
2028,METRO_ES_murcia,0.0,0.0
2028,METRO_ES_palma,0.0,0.0
2028,METRO_ES_alicante,0.0,0.0
2028,METRO_ES_las_palmas_de_gran_canaria,0.0,0.0
2028,METRO_ES_bilbao,0.0,0.0
2028,METRO_ES_cordoba,0.0,0.0
2028,METRO_ES_vigo,0.0,0.0
2028,METRO_ES_valladolid,0.0,0.0
2028,METRO_ES_gijon,0.0,0.0
2028,METRO_ES_eixample,0.0,0.0
2028,METRO_ES_l_hospitalet_de_llobregat,0.0,0.0
2028,METRO_ES_latina,0.0,0.0
2028,METRO_ES_carabanchel,0.0,0.0
2028,METRO_ES_a_coruna,0.0,0.0
2028,METRO_ES_puente_de_vallecas,0.0,0.0
2028,METRO_ES_sant_marti,0.0,0.0
2028,METRO_ES_gasteiz_vitoria,0.0,0.0
2028,METRO_ES_granada,0.0,0.0
2028,METRO_ES_elche,0.0,0.0
2028,METRO_ES_ciudad_lineal,0.0,0.0
2028,METRO_ES_oviedo,0.0,0.0
2028,METRO_ES_santa_cruz_de_tenerife,0.0,0.0
2028,METRO_ES_fuencarral_el_pardo,0.0,0.0
2028,METRO_ES_badalona,0.0,0.0
2028,METRO_ES_cartagena,0.0,0.0
2028,METRO_ES_terrassa,0.0,0.0
2028,METRO_ES_jerez_de_la_frontera,0.0,0.0
2028,METRO_ES_sabadell,0.0,0.0
2028,METRO_ES_mostoles,0.0,0.0
2028,METRO_ES_alcala_de_henares,0.0,0.0
2028,METRO_ES_pamplona,0.0,0.0
2028,METRO_ES_fuenlabrada,0.0,0.0
2028,METRO_ES_almeria,0.0,0.0
2028,METRO_ES_leganes,0.0,0.0
2028,METRO_ES_san_sebastian,0.0,0.0
2028,METRO_ES_sants_montjuic,0.0,0.0
2028,METRO_ES_santander,0.0,0.0
2028,METRO_ES_castello_de_la_plana,0.0,0.0
2028,METRO_ES_burgos,0.0,0.0
2028,METRO_ES_albacete,0.0,0.0
2028,METRO_ES_horta_guinardo,0.0,0.0
2028,METRO_ES_alcorcon,0.0,0.0
2028,METRO_ES_getafe,0.0,0.0
2028,METRO_ES_nou_barris,0.0,0.0
2028,METRO_CH_zurich,0.0,0.0
2028,METRO_CH_geneva,0.0,0.0
2028,METRO_CH_basel,0.0,0.0
2028,METRO_CH_lausanne,0.0,0.0
2028,METRO_CH_bern,0.0,0.0
2028,METRO_BG_sofia,0.0,0.0
2028,METRO_BG_plovdiv,0.0,0.0
2028,METRO_BG_varna,0.0,0.0
2028,METRO_BG_burgas,0.0,0.0
2028,METRO_HR_zagreb,0.0,0.0
2028,METRO_HR_split,0.0,0.0
2028,METRO_CY_nicosia,0.0,0.0
2028,METRO_CZ_prague,0.0,0.0
2028,METRO_CZ_brno,0.0,0.0
2028,METRO_CZ_ostrava,0.0,0.0
2028,METRO_CZ_pilsen,0.0,0.0
2028,METRO_GR_athens,0.0,0.0
2028,METRO_GR_thessaloniki,0.0,0.0
2028,METRO_GR_patras,0.0,0.0
2028,METRO_GR_piraeus,0.0,0.0
2028,METRO_HU_budapest,0.0,0.0
2028,METRO_HU_debrecen,0.0,0.0
2028,METRO_HU_miskolc,0.0,0.0
2028,METRO_HU_szeged,0.0,0.0
2028,METRO_RO_bucharest,0.0,0.0
2028,METRO_RO_iasi,0.0,0.0
2028,METRO_RO_cluj_napoca,0.0,0.0
2028,METRO_RO_timisoara,0.0,0.0
2028,METRO_RO_craiova,0.0,0.0
2028,METRO_RO_constanta,0.0,0.0
2028,METRO_RO_galati,0.0,0.0
2028,METRO_RO_brasov,0.0,0.0
2028,METRO_RO_ploiesti,0.0,0.0
2028,METRO_RO_braila,0.0,0.0
2028,METRO_RO_oradea,0.0,0.0
2028,METRO_RO_bacau,0.0,0.0
2028,METRO_RO_arad,0.0,0.0
2028,METRO_RO_pitesti,0.0,0.0
2028,METRO_MT_valletta,0.0,0.0
2028,METRO_SK_bratislava,0.0,0.0
2028,METRO_SK_kosice,0.0,0.0
2028,METRO_SI_ljubljana,0.0,0.0
2028,METRO_LU_luxembourg,37.0,16783.2
2028,NONMETRO_AT,0.0,0.0
2028,NONMETRO_BE,3142.0,1424640.0
2028,NONMETRO_BG,0.0,0.0
2028,NONMETRO_CH,0.0,0.0
2028,NONMETRO_CY,0.0,0.0
2028,NONMETRO_CZ,0.0,0.0
2028,NONMETRO_DE,26199.0,11883960.0
2028,NONMETRO_DK,1102.0,499680.0
2028,NONMETRO_EE,214.0,96480.0
2028,NONMETRO_ES,0.0,0.0
2028,NONMETRO_FI,821.0,372000.0
2028,NONMETRO_FR,0.0,0.0
2028,NONMETRO_GR,0.0,0.0
2028,NONMETRO_HR,0.0,0.0
2028,NONMETRO_HU,0.0,0.0
2028,NONMETRO_IE,0.0,0.0
2028,NONMETRO_IT,0.0,0.0
2028,NONMETRO_LT,413.0,186840.0
2028,NONMETRO_LU,283.0,128520.0
2028,NONMETRO_LV,300.0,136080.0
2028,NONMETRO_MT,0.0,0.0
2028,NONMETRO_NL,6286.0,2851920.0
2028,NONMETRO_NO,1089.0,494520.0
2028,NONMETRO_PL,7048.0,3195960.0
2028,NONMETRO_PT,0.0,0.0
2028,NONMETRO_RO,0.0,0.0
2028,NONMETRO_SE,2005.0,909000.0
2028,NONMETRO_SI,0.0,0.0
2028,NONMETRO_SK,0.0,0.0
2029,METRO_BE_brussels,1197.0,542959.2000000001
2029,METRO_BE_antwerp,594.0,269438.4
2029,METRO_BE_liege,384.0,174182.4
2029,METRO_BE_gent,268.0,121564.8
2029,METRO_BE_charleroi,233.0,105688.8
2029,METRO_DE_berlin,1978.0,897220.8
2029,METRO_DE_hamburg,986.0,447249.6
2029,METRO_DE_munich,886.0,401889.6
2029,METRO_DE_koeln,535.0,242676.0
2029,METRO_DE_frankfurt_am_main,383.0,173728.8
2029,METRO_DE_duesseldorf,356.0,161481.6
2029,METRO_DE_stuttgart,352.0,159667.2
2029,METRO_DE_leipzig,339.0,153770.4
2029,METRO_DE_dresden,331.0,150141.6
2029,METRO_DE_dortmund,326.0,147873.6
2029,METRO_DE_essen,320.0,145152.0
2029,METRO_DE_bremen,314.0,142430.4
2029,METRO_DE_hannover,298.0,135172.8
2029,METRO_DE_duisburg,294.0,133358.4
2029,METRO_DE_nuernberg,284.0,128822.4
2029,METRO_DE_wandsbek,229.0,103874.4
2029,METRO_DE_bochum,212.0,96163.20000000001
2029,METRO_DE_bochum_hordel,210.0,95256.0
2029,METRO_DE_mannheim,194.0,87998.40000000001
2029,METRO_DE_wuppertal,192.0,87091.20000000001
2029,METRO_DE_bielefeld,185.0,83916.0
2029,METRO_DE_karlsruhe,180.0,81648.0
2029,METRO_DE_bonn,177.0,80287.2
2029,METRO_DE_marienthal,161.0,73029.6
2029,METRO_DE_hamburg_nord,160.0,72576.0
2029,METRO_DE_wiesbaden,153.0,69400.8
2029,METRO_DE_muenster,156.0,70761.6
2029,METRO_DE_gelsenkirchen,149.0,67586.40000000001
2029,METRO_DE_aachen,150.0,68040.0
2029,METRO_DE_moenchengladbach,146.0,66225.6
2029,METRO_DE_augsburg,150.0,68040.0
2029,METRO_DE_eimsbuettel,141.0,63957.60000000001
2029,METRO_DE_altona,138.0,62596.8
2029,METRO_DE_chemnitz,140.0,63504.0
2029,METRO_DE_braunschweig,138.0,62596.8
2029,METRO_DE_krefeld,132.0,59875.2
2029,METRO_DE_halle_saale,132.0,59875.2
2029,METRO_DE_hamburg_mitte,133.0,60328.8
2029,METRO_DE_kiel,132.0,59875.2
2029,METRO_DE_magdeburg,130.0,58968.0
2029,METRO_DE_neue_neustadt,125.0,56700.0
2029,METRO_DE_oberhausen,121.0,54885.60000000001
2029,METRO_DE_freiburg,126.0,57153.60000000001
2029,METRO_DE_luebeck,119.0,53978.4
2029,METRO_DE_erfurt,116.0,52617.60000000001
2029,METRO_DE_harburg,119.0,53978.4
2029,METRO_DE_hagen,110.0,49896.0
2029,METRO_DE_rostock,111.0,50349.60000000001
2029,METRO_DE_kassel,110.0,49896.0
2029,METRO_DE_hamm,103.0,46720.8
2029,METRO_DE_mainz,105.0,47628.0
2029,METRO_DE_saarbruecken,101.0,45813.60000000001
2029,METRO_DE_herne,95.0,43092.0
2029,METRO_DE_muelheim,95.0,43092.0
2029,METRO_DE_neukoelln,92.0,41731.2
2029,METRO_DE_osnabrueck,95.0,43092.0
2029,METRO_DE_solingen,92.0,41731.2
2029,METRO_NL_amsterdam,669.0,303458.4
2029,METRO_NL_rotterdam,575.0,260820.0
2029,METRO_NL_the_hague,409.0,185522.4
2029,METRO_NL_utrecht,326.0,147873.6
2029,METRO_NL_eindhoven,210.0,95256.0
2029,METRO_NL_tilburg,112.0,50803.2
2029,METRO_NL_groningen,103.0,46720.8
2029,METRO_NL_almere_stad,100.0,45360.0
2029,METRO_NL_breda,94.0,42638.4
2029,METRO_DK_copenhagen,647.0,293479.2
2029,METRO_DK_arhus,112.0,50803.2
2029,METRO_EE_tallinn,208.0,94348.8
2029,METRO_FI_helsinki,623.0,282592.8
2029,METRO_FI_tampere,161.0,73029.6
2029,METRO_FI_espoo,124.0,56246.4
2029,METRO_FI_vantaa,89.0,40370.4
2029,METRO_FI_turku,83.0,37648.8
2029,METRO_LV_riga,272.0,123379.2
2029,METRO_LT_vilnius,243.0,110224.8
2029,METRO_LT_kaunas,172.0,78019.2
2029,METRO_LT_klaipeda,90.0,40824.0
2029,METRO_NO_oslo,529.0,239954.4
2029,METRO_NO_bergen,98.0,44452.8
2029,METRO_PL_warsaw,810.0,367416.0
2029,METRO_PL_krakow,346.0,156945.6
2029,METRO_PL_lodz,283.0,128368.8
2029,METRO_PL_wroclaw,289.0,131090.4
2029,METRO_PL_poznan,229.0,103874.4
2029,METRO_PL_gdansk,209.0,94802.40000000001
2029,METRO_PL_szczecin,177.0,80287.2
2029,METRO_PL_bydgoszcz,149.0,67586.40000000001
2029,METRO_PL_lublin,144.0,65318.4
2029,METRO_PL_katowice,140.0,63504.0
2029,METRO_PL_bialystok,132.0,59875.2
2029,METRO_PL_gdynia,114.0,51710.4
2029,METRO_PL_czestochowa,109.0,49442.4
2029,METRO_PL_sosnowiec,100.0,45360.0
2029,METRO_PL_radom,101.0,45813.60000000001
2029,METRO_PL_mokotow,95.0,43092.0
2029,METRO_PL_torun,93.0,42184.8
2029,METRO_PL_kielce,93.0,42184.8
2029,METRO_PL_gliwice,87.0,39463.2
2029,METRO_PL_zabrze,85.0,38556.0
2029,METRO_PL_bytom,83.0,37648.8
2029,METRO_PL_praga_poludnie,84.0,38102.4
2029,METRO_PL_bielsko_biala,79.0,35834.4
2029,METRO_PL_olsztyn,77.0,34927.2
2029,METRO_SE_stockholm,813.0,368776.8
2029,METRO_SE_gothenburg,300.0,136080.0
2029,METRO_SE_malmo,159.0,72122.40000000001
2029,METRO_AT_vienna,516.0,234057.6
2029,METRO_AT_graz,58.0,26308.8
2029,METRO_AT_linz,52.0,23587.2
2029,METRO_AT_favoriten,53.0,24040.8
2029,METRO_AT_donaustadt,52.0,23587.2
2029,METRO_FR_paris,2909.0,1319522.4
2029,METRO_FR_lyon,459.0,208202.4
2029,METRO_FR_marseille,421.0,190965.6
2029,METRO_FR_lille,280.0,127008.0
2029,METRO_FR_toulouse,279.0,126554.4
2029,METRO_FR_bordeaux,263.0,119296.8
2029,METRO_FR_nice,244.0,110678.4
2029,METRO_FR_nantes,183.0,83008.8
2029,METRO_FR_toulon,152.0,68947.2
2029,METRO_FR_grenoble,139.0,63050.4
2029,METRO_FR_strasbourg,126.0,57153.60000000001
2029,METRO_FR_montpellier,126.0,57153.60000000001
2029,METRO_FR_avignon,124.0,56246.4
2029,METRO_FR_rouen,122.0,55339.2
2029,METRO_FR_saint_etienne,97.0,43999.2
2029,METRO_FR_rennes,96.0,43545.60000000001
2029,METRO_FR_tours,95.0,43092.0
2029,METRO_FR_bethune,93.0,42184.8
2029,METRO_FR_valenciennes,88.0,39916.8
2029,METRO_FR_reims,49.0,22226.4
2029,METRO_FR_le_havre,46.0,20865.6
2029,METRO_FR_cergy_pontoise,48.0,21772.8
2029,METRO_FR_angers,43.0,19504.8
2029,METRO_IE_dublin,340.0,154224.0
2029,METRO_IE_cork,49.0,22226.4
2029,METRO_IE_dun_laoghaire,48.0,21772.8
2029,METRO_IT_rome,1101.0,499413.6
2029,METRO_IT_milan,799.0,362426.4
2029,METRO_IT_naples,549.0,249026.4
2029,METRO_IT_turin,457.0,207295.2
2029,METRO_IT_bergamo,235.0,106596.0
2029,METRO_IT_palermo,214.0,97070.40000000001
2029,METRO_IT_bologna,207.0,93895.20000000001
2029,METRO_IT_florence,180.0,81648.0
2029,METRO_IT_padova,178.0,80740.8
2029,METRO_IT_genoa,169.0,76658.40000000001
2029,METRO_IT_busto_arsizio,169.0,76658.40000000001
2029,METRO_IT_verona,163.0,73936.8
2029,METRO_IT_seregno,162.0,73483.2
2029,METRO_IT_bari,158.0,71668.8
2029,METRO_IT_catania,148.0,67132.8
2029,METRO_IT_brescia,126.0,57153.60000000001
2029,METRO_IT_como,125.0,56700.0
2029,METRO_IT_cagliari,121.0,54885.60000000001
2029,METRO_IT_latina,119.0,53978.4
2029,METRO_IT_taranto,116.0,52617.60000000001
2029,METRO_IT_caserta,109.0,49442.4
2029,METRO_IT_salerno,107.0,48535.2
2029,METRO_IT_treviso,98.0,44452.8
2029,METRO_IT_pescara,97.0,43999.2
2029,METRO_IT_modena,92.0,41731.2
2029,METRO_IT_barletta,86.0,39009.6
2029,METRO_IT_parma,85.0,38556.0
2029,METRO_IT_vicenza,85.0,38556.0
2029,METRO_IT_nola,83.0,37648.8
2029,METRO_IT_lecco,79.0,35834.4
2029,METRO_IT_messina,54.0,24494.4
2029,METRO_IT_trieste,47.0,21319.2
2029,METRO_IT_prato,46.0,20865.6
2029,METRO_IT_reggio_calabria,42.0,19051.2
2029,METRO_PT_lisbon,770.0,349272.0
2029,METRO_PT_porto,338.0,153316.8
2029,METRO_PT_amadora,44.0,19958.4
2029,METRO_ES_madrid,1727.0,783367.2000000001
2029,METRO_ES_barcelona,1452.0,658627.2000000001
2029,METRO_ES_valencia,212.0,96163.20000000001
2029,METRO_ES_zaragoza,188.0,85276.8
2029,METRO_ES_sevilla,176.0,79833.6
2029,METRO_ES_malaga,150.0,68040.0
2029,METRO_ES_murcia,131.0,59421.60000000001
2029,METRO_ES_palma,124.0,56246.4
2029,METRO_ES_alicante,97.0,43999.2
2029,METRO_ES_las_palmas_de_gran_canaria,96.0,43545.60000000001
2029,METRO_ES_bilbao,87.0,39463.2
2029,METRO_ES_cordoba,89.0,40370.4
2029,METRO_ES_vigo,78.0,35380.8
2029,METRO_ES_valladolid,75.0,34020.0
2029,METRO_ES_gijon,70.0,31752.0
2029,METRO_ES_eixample,67.0,30391.2
2029,METRO_ES_l_hospitalet_de_llobregat,69.0,31298.4
2029,METRO_ES_latina,66.0,29937.6
2029,METRO_ES_carabanchel,64.0,29030.4
2029,METRO_ES_a_coruna,62.0,28123.2
2029,METRO_ES_puente_de_vallecas,62.0,28123.2
2029,METRO_ES_sant_marti,61.0,27669.6
2029,METRO_ES_gasteiz_vitoria,60.0,27216.0
2029,METRO_ES_granada,60.0,27216.0
2029,METRO_ES_elche,59.0,26762.4
2029,METRO_ES_ciudad_lineal,59.0,26762.4
2029,METRO_ES_oviedo,57.0,25855.2
2029,METRO_ES_santa_cruz_de_tenerife,57.0,25855.2
2029,METRO_ES_fuencarral_el_pardo,56.0,25401.6
2029,METRO_ES_badalona,57.0,25855.2
2029,METRO_ES_cartagena,54.0,24494.4
2029,METRO_ES_terrassa,54.0,24494.4
2029,METRO_ES_jerez_de_la_frontera,52.0,23587.2
2029,METRO_ES_sabadell,53.0,24040.8
2029,METRO_ES_mostoles,53.0,24040.8
2029,METRO_ES_alcala_de_henares,53.0,24040.8
2029,METRO_ES_pamplona,51.0,23133.6
2029,METRO_ES_fuenlabrada,49.0,22226.4
2029,METRO_ES_almeria,49.0,22226.4
2029,METRO_ES_leganes,48.0,21772.8
2029,METRO_ES_san_sebastian,47.0,21319.2
2029,METRO_ES_sants_montjuic,46.0,20865.6
2029,METRO_ES_santander,46.0,20865.6
2029,METRO_ES_castello_de_la_plana,47.0,21319.2
2029,METRO_ES_burgos,45.0,20412.0
2029,METRO_ES_albacete,43.0,19504.8
2029,METRO_ES_horta_guinardo,42.0,19051.2
2029,METRO_ES_alcorcon,43.0,19504.8
2029,METRO_ES_getafe,44.0,19958.4
2029,METRO_ES_nou_barris,44.0,19958.4
2029,METRO_CH_zurich,376.0,170553.6
2029,METRO_CH_geneva,167.0,75751.2
2029,METRO_CH_basel,149.0,67586.40000000001
2029,METRO_CH_lausanne,122.0,55339.2
2029,METRO_CH_bern,116.0,52617.60000000001
2029,METRO_BG_sofia,0.0,0.0
2029,METRO_BG_plovdiv,0.0,0.0
2029,METRO_BG_varna,0.0,0.0
2029,METRO_BG_burgas,0.0,0.0
2029,METRO_HR_zagreb,0.0,0.0
2029,METRO_HR_split,0.0,0.0
2029,METRO_CY_nicosia,0.0,0.0
2029,METRO_CZ_prague,0.0,0.0
2029,METRO_CZ_brno,0.0,0.0
2029,METRO_CZ_ostrava,0.0,0.0
2029,METRO_CZ_pilsen,0.0,0.0
2029,METRO_GR_athens,0.0,0.0
2029,METRO_GR_thessaloniki,0.0,0.0
2029,METRO_GR_patras,0.0,0.0
2029,METRO_GR_piraeus,0.0,0.0
2029,METRO_HU_budapest,0.0,0.0
2029,METRO_HU_debrecen,0.0,0.0
2029,METRO_HU_miskolc,0.0,0.0
2029,METRO_HU_szeged,0.0,0.0
2029,METRO_RO_bucharest,0.0,0.0
2029,METRO_RO_iasi,0.0,0.0
2029,METRO_RO_cluj_napoca,0.0,0.0
2029,METRO_RO_timisoara,0.0,0.0
2029,METRO_RO_craiova,0.0,0.0
2029,METRO_RO_constanta,0.0,0.0
2029,METRO_RO_galati,0.0,0.0
2029,METRO_RO_brasov,0.0,0.0
2029,METRO_RO_ploiesti,0.0,0.0
2029,METRO_RO_braila,0.0,0.0
2029,METRO_RO_oradea,0.0,0.0
2029,METRO_RO_bacau,0.0,0.0
2029,METRO_RO_arad,0.0,0.0
2029,METRO_RO_pitesti,0.0,0.0
2029,METRO_MT_valletta,0.0,0.0
2029,METRO_SK_bratislava,0.0,0.0
2029,METRO_SK_kosice,0.0,0.0
2029,METRO_SI_ljubljana,0.0,0.0
2029,METRO_LU_luxembourg,46.0,20865.6
2029,NONMETRO_AT,1564.0,709800.0
2029,NONMETRO_BE,3846.0,1743720.0
2029,NONMETRO_BG,0.0,0.0
2029,NONMETRO_CH,1364.0,619080.0
2029,NONMETRO_CY,0.0,0.0
2029,NONMETRO_CZ,0.0,0.0
2029,NONMETRO_DE,31858.0,14451360.0
2029,NONMETRO_DK,1990.0,903360.0
2029,NONMETRO_EE,381.0,173040.0
2029,NONMETRO_ES,5407.0,2452080.0
2029,NONMETRO_FI,1477.0,670560.0
2029,NONMETRO_FR,10371.0,4704360.0
2029,NONMETRO_GR,0.0,0.0
2029,NONMETRO_HR,0.0,0.0
2029,NONMETRO_HU,0.0,0.0
2029,NONMETRO_IE,942.0,426720.0
2029,NONMETRO_IT,8084.0,3667680.0
2029,NONMETRO_LT,734.0,332760.0
2029,NONMETRO_LU,351.0,160320.0
2029,NONMETRO_LV,535.0,242400.0
2029,NONMETRO_MT,0.0,0.0
2029,NONMETRO_NL,7725.0,3503400.0
2029,NONMETRO_NO,1970.0,893520.0
2029,NONMETRO_PL,12587.0,5709960.0
2029,NONMETRO_PT,1452.0,659640.0
2029,NONMETRO_RO,0.0,0.0
2029,NONMETRO_SE,3624.0,1643160.0
2029,NONMETRO_SI,0.0,0.0
2029,NONMETRO_SK,0.0,0.0
2030,METRO_BE_brussels,1311.0,594669.6
2030,METRO_BE_antwerp,650.0,294840.0
2030,METRO_BE_liege,420.0,190512.0
2030,METRO_BE_gent,293.0,132904.8
2030,METRO_BE_charleroi,255.0,115668.0
2030,METRO_DE_berlin,2160.0,979776.0
2030,METRO_DE_hamburg,1076.0,488073.6
2030,METRO_DE_munich,970.0,439992.0
2030,METRO_DE_koeln,585.0,265356.0
2030,METRO_DE_frankfurt_am_main,428.0,194140.8
2030,METRO_DE_duesseldorf,390.0,176904.0
2030,METRO_DE_stuttgart,384.0,174182.4
2030,METRO_DE_leipzig,371.0,168285.6
2030,METRO_DE_dresden,362.0,164203.2
2030,METRO_DE_dortmund,356.0,161481.6
2030,METRO_DE_essen,349.0,158306.4
2030,METRO_DE_bremen,343.0,155584.8
2030,METRO_DE_hannover,325.0,147420.0
2030,METRO_DE_duisburg,322.0,146059.2
2030,METRO_DE_nuernberg,314.0,142430.4
2030,METRO_DE_wandsbek,251.0,113853.6
2030,METRO_DE_bochum,232.0,105235.2
2030,METRO_DE_bochum_hordel,230.0,104328.0
2030,METRO_DE_mannheim,213.0,96616.8
2030,METRO_DE_wuppertal,209.0,94802.40000000001
2030,METRO_DE_bielefeld,202.0,91627.20000000001
2030,METRO_DE_karlsruhe,196.0,88905.6
2030,METRO_DE_bonn,193.0,87544.8
2030,METRO_DE_marienthal,176.0,79833.6
2030,METRO_DE_hamburg_nord,177.0,80287.2
2030,METRO_DE_wiesbaden,168.0,76204.8
2030,METRO_DE_muenster,174.0,78926.40000000001
2030,METRO_DE_gelsenkirchen,163.0,73936.8
2030,METRO_DE_aachen,166.0,75297.6
2030,METRO_DE_moenchengladbach,160.0,72576.0
2030,METRO_DE_augsburg,166.0,75297.6
2030,METRO_DE_eimsbuettel,154.0,69854.40000000001
2030,METRO_DE_altona,151.0,68493.6
2030,METRO_DE_chemnitz,154.0,69854.40000000001
2030,METRO_DE_braunschweig,152.0,68947.2
2030,METRO_DE_krefeld,145.0,65772.0
2030,METRO_DE_halle_saale,145.0,65772.0
2030,METRO_DE_hamburg_mitte,146.0,66225.6
2030,METRO_DE_kiel,146.0,66225.6
2030,METRO_DE_magdeburg,142.0,64411.2
2030,METRO_DE_neue_neustadt,137.0,62143.2
2030,METRO_DE_oberhausen,132.0,59875.2
2030,METRO_DE_freiburg,140.0,63504.0
2030,METRO_DE_luebeck,131.0,59421.60000000001
2030,METRO_DE_erfurt,128.0,58060.8
2030,METRO_DE_harburg,133.0,60328.8
2030,METRO_DE_hagen,120.0,54432.0
2030,METRO_DE_rostock,122.0,55339.2
2030,METRO_DE_kassel,121.0,54885.60000000001
2030,METRO_DE_hamm,113.0,51256.8
2030,METRO_DE_mainz,116.0,52617.60000000001
2030,METRO_DE_saarbruecken,110.0,49896.0
2030,METRO_DE_herne,104.0,47174.4
2030,METRO_DE_muelheim,104.0,47174.4
2030,METRO_DE_neukoelln,100.0,45360.0
2030,METRO_DE_osnabrueck,106.0,48081.60000000001
2030,METRO_DE_solingen,101.0,45813.60000000001
2030,METRO_NL_amsterdam,734.0,332942.4
2030,METRO_NL_rotterdam,630.0,285768.0
2030,METRO_NL_the_hague,448.0,203212.8
2030,METRO_NL_utrecht,358.0,162388.8
2030,METRO_NL_eindhoven,231.0,104781.6
2030,METRO_NL_tilburg,124.0,56246.4
2030,METRO_NL_groningen,113.0,51256.8
2030,METRO_NL_almere_stad,111.0,50349.60000000001
2030,METRO_NL_breda,103.0,46720.8
2030,METRO_DK_copenhagen,795.0,360612.0
2030,METRO_DK_arhus,139.0,63050.4
2030,METRO_EE_tallinn,255.0,115668.0
2030,METRO_FI_helsinki,766.0,347457.6
2030,METRO_FI_tampere,197.0,89359.20000000001
2030,METRO_FI_espoo,155.0,70308.0
2030,METRO_FI_vantaa,111.0,50349.60000000001
2030,METRO_FI_turku,103.0,46720.8
2030,METRO_LV_riga,331.0,150141.6
2030,METRO_LT_vilnius,297.0,134719.2
2030,METRO_LT_kaunas,211.0,95709.6
2030,METRO_LT_klaipeda,112.0,50803.2
2030,METRO_NO_oslo,655.0,297108.0
2030,METRO_NO_bergen,121.0,54885.60000000001
2030,METRO_PL_warsaw,990.0,449064.0
2030,METRO_PL_krakow,423.0,191872.8
2030,METRO_PL_lodz,343.0,155584.8
2030,METRO_PL_wroclaw,353.0,160120.8
2030,METRO_PL_poznan,278.0,126100.8
2030,METRO_PL_gdansk,256.0,116121.6
2030,METRO_PL_szczecin,216.0,97977.6
2030,METRO_PL_bydgoszcz,182.0,82555.2
2030,METRO_PL_lublin,176.0,79833.6
2030,METRO_PL_katowice,170.0,77112.0
2030,METRO_PL_bialystok,161.0,73029.6
2030,METRO_PL_gdynia,139.0,63050.4
2030,METRO_PL_czestochowa,132.0,59875.2
2030,METRO_PL_sosnowiec,121.0,54885.60000000001
2030,METRO_PL_radom,122.0,55339.2
2030,METRO_PL_mokotow,116.0,52617.60000000001
2030,METRO_PL_torun,114.0,51710.4
2030,METRO_PL_kielce,113.0,51256.8
2030,METRO_PL_gliwice,106.0,48081.60000000001
2030,METRO_PL_zabrze,103.0,46720.8
2030,METRO_PL_bytom,100.0,45360.0
2030,METRO_PL_praga_poludnie,102.0,46267.2
2030,METRO_PL_bielsko_biala,96.0,43545.60000000001
2030,METRO_PL_olsztyn,94.0,42638.4
2030,METRO_SE_stockholm,1003.0,454960.8
2030,METRO_SE_gothenburg,371.0,168285.6
2030,METRO_SE_malmo,195.0,88452.0
2030,METRO_AT_vienna,936.0,424569.6
2030,METRO_AT_graz,106.0,48081.60000000001
2030,METRO_AT_linz,94.0,42638.4
2030,METRO_AT_favoriten,97.0,43999.2
2030,METRO_AT_donaustadt,98.0,44452.8
2030,METRO_FR_paris,5269.0,2390018.4
2030,METRO_FR_lyon,833.0,377848.8
2030,METRO_FR_marseille,762.0,345643.2
2030,METRO_FR_lille,506.0,229521.6
2030,METRO_FR_toulouse,506.0,229521.6
2030,METRO_FR_bordeaux,476.0,215913.6
2030,METRO_FR_nice,442.0,200491.2
2030,METRO_FR_nantes,333.0,151048.8
2030,METRO_FR_toulon,275.0,124740.0
2030,METRO_FR_grenoble,252.0,114307.2
2030,METRO_FR_strasbourg,228.0,103420.8
2030,METRO_FR_montpellier,228.0,103420.8
2030,METRO_FR_avignon,225.0,102060.0
2030,METRO_FR_rouen,221.0,100245.6
2030,METRO_FR_saint_etienne,176.0,79833.6
2030,METRO_FR_rennes,174.0,78926.40000000001
2030,METRO_FR_tours,171.0,77565.6
2030,METRO_FR_bethune,169.0,76658.40000000001
2030,METRO_FR_valenciennes,159.0,72122.40000000001
2030,METRO_FR_reims,88.0,39916.8
2030,METRO_FR_le_havre,83.0,37648.8
2030,METRO_FR_cergy_pontoise,87.0,39463.2
2030,METRO_FR_angers,77.0,34927.2
2030,METRO_IE_dublin,618.0,280324.8
2030,METRO_IE_cork,89.0,40370.4
2030,METRO_IE_dun_laoghaire,88.0,39916.8
2030,METRO_IT_rome,1989.0,902210.4
2030,METRO_IT_milan,1442.0,654091.2000000001
2030,METRO_IT_naples,990.0,449064.0
2030,METRO_IT_turin,825.0,374220.0
2030,METRO_IT_bergamo,424.0,192326.4
2030,METRO_IT_palermo,386.0,175089.6
2030,METRO_IT_bologna,374.0,169646.4
2030,METRO_IT_florence,325.0,147420.0
2030,METRO_IT_padova,321.0,145605.6
2030,METRO_IT_genoa,305.0,138348.0
2030,METRO_IT_busto_arsizio,306.0,138801.6
2030,METRO_IT_verona,295.0,133812.0
2030,METRO_IT_seregno,293.0,132904.8
2030,METRO_IT_bari,284.0,128822.4
2030,METRO_IT_catania,268.0,121564.8
2030,METRO_IT_brescia,227.0,102967.2
2030,METRO_IT_como,226.0,102513.6
2030,METRO_IT_cagliari,218.0,98884.8
2030,METRO_IT_latina,215.0,97524.0
2030,METRO_IT_taranto,210.0,95256.0
2030,METRO_IT_caserta,197.0,89359.20000000001
2030,METRO_IT_salerno,193.0,87544.8
2030,METRO_IT_treviso,177.0,80287.2
2030,METRO_IT_pescara,176.0,79833.6
2030,METRO_IT_modena,167.0,75751.2
2030,METRO_IT_barletta,156.0,70761.6
2030,METRO_IT_parma,154.0,69854.40000000001
2030,METRO_IT_vicenza,153.0,69400.8
2030,METRO_IT_nola,151.0,68493.6
2030,METRO_IT_lecco,144.0,65318.4
2030,METRO_IT_messina,96.0,43545.60000000001
2030,METRO_IT_trieste,84.0,38102.4
2030,METRO_IT_prato,84.0,38102.4
2030,METRO_IT_reggio_calabria,76.0,34473.6
2030,METRO_PT_lisbon,1392.0,631411.2000000001
2030,METRO_PT_porto,611.0,277149.6
2030,METRO_PT_amadora,80.0,36288.0
2030,METRO_ES_madrid,3119.0,1414778.4
2030,METRO_ES_barcelona,2623.0,1189792.8
2030,METRO_ES_valencia,382.0,173275.2
2030,METRO_ES_zaragoza,339.0,153770.4
2030,METRO_ES_sevilla,318.0,144244.8
2030,METRO_ES_malaga,271.0,122925.6
2030,METRO_ES_murcia,237.0,107503.2
2030,METRO_ES_palma,223.0,101152.8
2030,METRO_ES_alicante,174.0,78926.40000000001
2030,METRO_ES_las_palmas_de_gran_canaria,173.0,78472.8
2030,METRO_ES_bilbao,157.0,71215.2
2030,METRO_ES_cordoba,162.0,73483.2
2030,METRO_ES_vigo,140.0,63504.0
2030,METRO_ES_valladolid,136.0,61689.60000000001
2030,METRO_ES_gijon,126.0,57153.60000000001
2030,METRO_ES_eixample,120.0,54432.0
2030,METRO_ES_l_hospitalet_de_llobregat,128.0,58060.8
2030,METRO_ES_latina,120.0,54432.0
2030,METRO_ES_carabanchel,116.0,52617.60000000001
2030,METRO_ES_a_coruna,112.0,50803.2
2030,METRO_ES_puente_de_vallecas,112.0,50803.2
2030,METRO_ES_sant_marti,112.0,50803.2
2030,METRO_ES_gasteiz_vitoria,109.0,49442.4
2030,METRO_ES_granada,108.0,48988.8
2030,METRO_ES_elche,108.0,48988.8
2030,METRO_ES_ciudad_lineal,109.0,49442.4
2030,METRO_ES_oviedo,104.0,47174.4
2030,METRO_ES_santa_cruz_de_tenerife,104.0,47174.4
2030,METRO_ES_fuencarral_el_pardo,100.0,45360.0
2030,METRO_ES_badalona,103.0,46720.8
2030,METRO_ES_cartagena,97.0,43999.2
2030,METRO_ES_terrassa,99.0,44906.4
2030,METRO_ES_jerez_de_la_frontera,94.0,42638.4
2030,METRO_ES_sabadell,96.0,43545.60000000001
2030,METRO_ES_mostoles,95.0,43092.0
2030,METRO_ES_alcala_de_henares,95.0,43092.0
2030,METRO_ES_pamplona,92.0,41731.2
2030,METRO_ES_fuenlabrada,88.0,39916.8
2030,METRO_ES_almeria,90.0,40824.0
2030,METRO_ES_leganes,87.0,39463.2
2030,METRO_ES_san_sebastian,84.0,38102.4
2030,METRO_ES_sants_montjuic,83.0,37648.8
2030,METRO_ES_santander,84.0,38102.4
2030,METRO_ES_castello_de_la_plana,86.0,39009.6
2030,METRO_ES_burgos,82.0,37195.2
2030,METRO_ES_albacete,77.0,34927.2
2030,METRO_ES_horta_guinardo,77.0,34927.2
2030,METRO_ES_alcorcon,78.0,35380.8
2030,METRO_ES_getafe,80.0,36288.0
2030,METRO_ES_nou_barris,80.0,36288.0
2030,METRO_CH_zurich,682.0,309355.2
2030,METRO_CH_geneva,303.0,137440.8
2030,METRO_CH_basel,270.0,122472.0
2030,METRO_CH_lausanne,222.0,100699.2
2030,METRO_CH_bern,210.0,95256.0
2030,METRO_BG_sofia,320.0,145152.0
2030,METRO_BG_plovdiv,86.0,39009.6
2030,METRO_BG_varna,83.0,37648.8
2030,METRO_BG_burgas,50.0,22680.0
2030,METRO_HR_zagreb,172.0,78019.2
2030,METRO_HR_split,42.0,19051.2
2030,METRO_CY_nicosia,54.0,24494.4
2030,METRO_CZ_prague,328.0,148780.8
2030,METRO_CZ_brno,97.0,43999.2
2030,METRO_CZ_ostrava,77.0,34927.2
2030,METRO_CZ_pilsen,41.0,18597.6
2030,METRO_GR_athens,790.0,358344.0
2030,METRO_GR_thessaloniki,205.0,92988.0
2030,METRO_GR_patras,43.0,19504.8
2030,METRO_GR_piraeus,40.0,18144.0
2030,METRO_HU_budapest,447.0,202759.2
2030,METRO_HU_debrecen,52.0,23587.2
2030,METRO_HU_miskolc,41.0,18597.6
2030,METRO_HU_szeged,41.0,18597.6
2030,METRO_RO_bucharest,429.0,194594.4
2030,METRO_RO_iasi,79.0,35834.4
2030,METRO_RO_cluj_napoca,77.0,34927.2
2030,METRO_RO_timisoara,77.0,34927.2
2030,METRO_RO_craiova,72.0,32659.2
2030,METRO_RO_constanta,73.0,33112.8
2030,METRO_RO_galati,68.0,30844.8
2030,METRO_RO_brasov,66.0,29937.6
2030,METRO_RO_ploiesti,55.0,24948.0
2030,METRO_RO_braila,49.0,22226.4
2030,METRO_RO_oradea,51.0,23133.6
2030,METRO_RO_bacau,39.0,17690.4
2030,METRO_RO_arad,41.0,18597.6
2030,METRO_RO_pitesti,40.0,18144.0
2030,METRO_MT_valletta,2.0,907.2
2030,METRO_SK_bratislava,113.0,51256.8
2030,METRO_SK_kosice,58.0,26308.8
2030,METRO_SI_ljubljana,69.0,31298.4
2030,METRO_LU_luxembourg,52.0,23587.2
2030,NONMETRO_AT,2814.0,1275840.0
2030,NONMETRO_BE,4201.0,1905480.0
2030,NONMETRO_BG,1095.0,497160.0
2030,NONMETRO_CH,2466.0,1118760.0
2030,NONMETRO_CY,306.0,138240.0
2030,NONMETRO_CZ,2020.0,915960.0
2030,NONMETRO_DE,34576.0,15684360.0
2030,NONMETRO_DK,2441.0,1106640.0
2030,NONMETRO_EE,461.0,209520.0
2030,NONMETRO_ES,9726.0,4411920.0
2030,NONMETRO_FI,1804.0,817920.0
2030,NONMETRO_FR,18694.0,8480160.0
2030,NONMETRO_GR,1375.0,624360.0
2030,NONMETRO_HR,721.0,326640.0
2030,NONMETRO_HU,1781.0,808080.0
2030,NONMETRO_IE,1712.0,775920.0
2030,NONMETRO_IT,14497.0,6576120.0
2030,NONMETRO_LT,887.0,402840.0
2030,NONMETRO_LU,388.0,176640.0
2030,NONMETRO_LV,647.0,292560.0
2030,NONMETRO_MT,98.0,44640.0
2030,NONMETRO_NL,8475.0,3844920.0
2030,NONMETRO_NO,2421.0,1097760.0
2030,NONMETRO_PL,15264.0,6924120.0
2030,NONMETRO_PT,2610.0,1183200.0
2030,NONMETRO_RO,3368.0,1527720.0
2030,NONMETRO_SE,4448.0,2016600.0
2030,NONMETRO_SI,458.0,208320.0
2030,NONMETRO_SK,1172.0,531600.0
2031,METRO_BE_brussels,1427.0,647287.2000000001
2031,METRO_BE_antwerp,707.0,320695.2
2031,METRO_BE_liege,456.0,206841.6
2031,METRO_BE_gent,319.0,144698.4
2031,METRO_BE_charleroi,277.0,125647.2
2031,METRO_DE_berlin,2343.0,1062784.8
2031,METRO_DE_hamburg,1167.0,529351.2000000001
2031,METRO_DE_munich,1054.0,478094.4
2031,METRO_DE_koeln,636.0,288489.6
2031,METRO_DE_frankfurt_am_main,474.0,215006.4
2031,METRO_DE_duesseldorf,423.0,191872.8
2031,METRO_DE_stuttgart,417.0,189151.2
2031,METRO_DE_leipzig,403.0,182800.8
2031,METRO_DE_dresden,394.0,178718.4
2031,METRO_DE_dortmund,386.0,175089.6
2031,METRO_DE_essen,379.0,171914.4
2031,METRO_DE_bremen,373.0,169192.8
2031,METRO_DE_hannover,352.0,159667.2
2031,METRO_DE_duisburg,349.0,158306.4
2031,METRO_DE_nuernberg,344.0,156038.4
2031,METRO_DE_wandsbek,272.0,123379.2
2031,METRO_DE_bochum,251.0,113853.6
2031,METRO_DE_bochum_hordel,249.0,112946.4
2031,METRO_DE_mannheim,232.0,105235.2
2031,METRO_DE_wuppertal,227.0,102967.2
2031,METRO_DE_bielefeld,219.0,99338.40000000001
2031,METRO_DE_karlsruhe,213.0,96616.8
2031,METRO_DE_bonn,209.0,94802.40000000001
2031,METRO_DE_marienthal,192.0,87091.20000000001
2031,METRO_DE_hamburg_nord,194.0,87998.40000000001
2031,METRO_DE_wiesbaden,183.0,83008.8
2031,METRO_DE_muenster,191.0,86637.6
2031,METRO_DE_gelsenkirchen,177.0,80287.2
2031,METRO_DE_aachen,181.0,82101.6
2031,METRO_DE_moenchengladbach,174.0,78926.40000000001
2031,METRO_DE_augsburg,183.0,83008.8
2031,METRO_DE_eimsbuettel,168.0,76204.8
2031,METRO_DE_altona,164.0,74390.40000000001
2031,METRO_DE_chemnitz,168.0,76204.8
2031,METRO_DE_braunschweig,166.0,75297.6
2031,METRO_DE_krefeld,157.0,71215.2
2031,METRO_DE_halle_saale,159.0,72122.40000000001
2031,METRO_DE_hamburg_mitte,160.0,72576.0
2031,METRO_DE_kiel,160.0,72576.0
2031,METRO_DE_magdeburg,156.0,70761.6
2031,METRO_DE_neue_neustadt,148.0,67132.8
2031,METRO_DE_oberhausen,143.0,64864.8
2031,METRO_DE_freiburg,155.0,70308.0
2031,METRO_DE_luebeck,143.0,64864.8
2031,METRO_DE_erfurt,140.0,63504.0
2031,METRO_DE_harburg,148.0,67132.8
2031,METRO_DE_hagen,130.0,58968.0
2031,METRO_DE_rostock,134.0,60782.4
2031,METRO_DE_kassel,132.0,59875.2
2031,METRO_DE_hamm,123.0,55792.8
2031,METRO_DE_mainz,127.0,57607.2
2031,METRO_DE_saarbruecken,120.0,54432.0
2031,METRO_DE_herne,112.0,50803.2
2031,METRO_DE_muelheim,113.0,51256.8
2031,METRO_DE_neukoelln,109.0,49442.4
2031,METRO_DE_osnabrueck,116.0,52617.60000000001
2031,METRO_DE_solingen,110.0,49896.0
2031,METRO_NL_amsterdam,800.0,362880.0
2031,METRO_NL_rotterdam,685.0,310716.0
2031,METRO_NL_the_hague,489.0,221810.4
2031,METRO_NL_utrecht,391.0,177357.6
2031,METRO_NL_eindhoven,251.0,113853.6
2031,METRO_NL_tilburg,135.0,61236.0
2031,METRO_NL_groningen,124.0,56246.4
2031,METRO_NL_almere_stad,121.0,54885.60000000001
2031,METRO_NL_breda,113.0,51256.8
2031,METRO_DK_copenhagen,873.0,395992.8
2031,METRO_DK_arhus,155.0,70308.0
2031,METRO_EE_tallinn,278.0,126100.8
2031,METRO_FI_helsinki,840.0,381024.0
2031,METRO_FI_tampere,216.0,97977.6
2031,METRO_FI_espoo,173.0,78472.8
2031,METRO_FI_vantaa,122.0,55339.2
2031,METRO_FI_turku,114.0,51710.4
2031,METRO_LV_riga,360.0,163296.0
2031,METRO_LT_vilnius,324.0,146966.4
2031,METRO_LT_kaunas,232.0,105235.2
2031,METRO_LT_klaipeda,124.0,56246.4
2031,METRO_NO_oslo,723.0,327952.8
2031,METRO_NO_bergen,133.0,60328.8
2031,METRO_PL_warsaw,1080.0,489888.0
2031,METRO_PL_krakow,462.0,209563.2
2031,METRO_PL_lodz,372.0,168739.2
2031,METRO_PL_wroclaw,385.0,174636.0
2031,METRO_PL_poznan,302.0,136987.2
2031,METRO_PL_gdansk,279.0,126554.4
2031,METRO_PL_szczecin,235.0,106596.0
2031,METRO_PL_bydgoszcz,197.0,89359.20000000001
2031,METRO_PL_lublin,191.0,86637.6
2031,METRO_PL_katowice,184.0,83462.40000000001
2031,METRO_PL_bialystok,176.0,79833.6
2031,METRO_PL_gdynia,151.0,68493.6
2031,METRO_PL_czestochowa,143.0,64864.8
2031,METRO_PL_sosnowiec,131.0,59421.60000000001
2031,METRO_PL_radom,133.0,60328.8
2031,METRO_PL_mokotow,126.0,57153.60000000001
2031,METRO_PL_torun,124.0,56246.4
2031,METRO_PL_kielce,122.0,55339.2
2031,METRO_PL_gliwice,115.0,52164.0
2031,METRO_PL_zabrze,111.0,50349.60000000001
2031,METRO_PL_bytom,109.0,49442.4
2031,METRO_PL_praga_poludnie,111.0,50349.60000000001
2031,METRO_PL_bielsko_biala,105.0,47628.0
2031,METRO_PL_olsztyn,102.0,46267.2
2031,METRO_SE_stockholm,1105.0,501228.0
2031,METRO_SE_gothenburg,408.0,185068.8
2031,METRO_SE_malmo,215.0,97524.0
2031,METRO_AT_vienna,1153.0,523000.8
2031,METRO_AT_graz,131.0,59421.60000000001
2031,METRO_AT_linz,116.0,52617.60000000001
2031,METRO_AT_favoriten,121.0,54885.60000000001
2031,METRO_AT_donaustadt,124.0,56246.4
2031,METRO_FR_paris,6480.0,2939328.0
2031,METRO_FR_lyon,1025.0,464940.0
2031,METRO_FR_marseille,936.0,424569.6
2031,METRO_FR_lille,623.0,282592.8
2031,METRO_FR_toulouse,624.0,283046.4
2031,METRO_FR_bordeaux,587.0,266263.2
2031,METRO_FR_nice,543.0,246304.8
2031,METRO_FR_nantes,410.0,185976.0
2031,METRO_FR_toulon,338.0,153316.8
2031,METRO_FR_grenoble,310.0,140616.0
2031,METRO_FR_strasbourg,280.0,127008.0
2031,METRO_FR_montpellier,281.0,127461.6
2031,METRO_FR_avignon,276.0,125193.6
2031,METRO_FR_rouen,272.0,123379.2
2031,METRO_FR_saint_etienne,217.0,98431.20000000001
2031,METRO_FR_rennes,214.0,97070.40000000001
2031,METRO_FR_tours,211.0,95709.6
2031,METRO_FR_bethune,207.0,93895.20000000001
2031,METRO_FR_valenciennes,196.0,88905.6
2031,METRO_FR_reims,108.0,48988.8
2031,METRO_FR_le_havre,101.0,45813.60000000001
2031,METRO_FR_cergy_pontoise,108.0,48988.8
2031,METRO_FR_angers,95.0,43092.0
2031,METRO_IE_dublin,764.0,346550.4
2031,METRO_IE_cork,110.0,49896.0
2031,METRO_IE_dun_laoghaire,108.0,48988.8
2031,METRO_IT_rome,2439.0,1106330.4
2031,METRO_IT_milan,1767.0,801511.2000000001
2031,METRO_IT_naples,1212.0,549763.2000000001
2031,METRO_IT_turin,1010.0,458136.0
2031,METRO_IT_bergamo,521.0,236325.6
2031,METRO_IT_palermo,473.0,214552.8
2031,METRO_IT_bologna,459.0,208202.4
2031,METRO_IT_florence,398.0,180532.8
2031,METRO_IT_padova,393.0,178264.8
2031,METRO_IT_genoa,373.0,169192.8
2031,METRO_IT_busto_arsizio,375.0,170100.0
2031,METRO_IT_verona,362.0,164203.2
2031,METRO_IT_seregno,360.0,163296.0
2031,METRO_IT_bari,348.0,157852.8
2031,METRO_IT_catania,328.0,148780.8
2031,METRO_IT_brescia,279.0,126554.4
2031,METRO_IT_como,277.0,125647.2
2031,METRO_IT_cagliari,267.0,121111.2
2031,METRO_IT_latina,264.0,119750.4
2031,METRO_IT_taranto,257.0,116575.2
2031,METRO_IT_caserta,242.0,109771.2
2031,METRO_IT_salerno,236.0,107049.6
2031,METRO_IT_treviso,218.0,98884.8
2031,METRO_IT_pescara,216.0,97977.6
2031,METRO_IT_modena,204.0,92534.40000000001
2031,METRO_IT_barletta,191.0,86637.6
2031,METRO_IT_parma,189.0,85730.40000000001
2031,METRO_IT_vicenza,188.0,85276.8
2031,METRO_IT_nola,185.0,83916.0
2031,METRO_IT_lecco,176.0,79833.6
2031,METRO_IT_messina,117.0,53071.2
2031,METRO_IT_trieste,103.0,46720.8
2031,METRO_IT_prato,103.0,46720.8
2031,METRO_IT_reggio_calabria,92.0,41731.2
2031,METRO_PT_lisbon,1708.0,774748.8
2031,METRO_PT_porto,750.0,340200.0
2031,METRO_PT_amadora,97.0,43999.2
2031,METRO_ES_madrid,3825.0,1735020.0
2031,METRO_ES_barcelona,3216.0,1458777.6
2031,METRO_ES_valencia,468.0,212284.8
2031,METRO_ES_zaragoza,415.0,188244.0
2031,METRO_ES_sevilla,389.0,176450.4
2031,METRO_ES_malaga,331.0,150141.6
2031,METRO_ES_murcia,291.0,131997.6
2031,METRO_ES_palma,274.0,124286.4
2031,METRO_ES_alicante,214.0,97070.40000000001
2031,METRO_ES_las_palmas_de_gran_canaria,212.0,96163.20000000001
2031,METRO_ES_bilbao,192.0,87091.20000000001
2031,METRO_ES_cordoba,200.0,90720.0
2031,METRO_ES_vigo,171.0,77565.6
2031,METRO_ES_valladolid,166.0,75297.6
2031,METRO_ES_gijon,154.0,69854.40000000001
2031,METRO_ES_eixample,146.0,66225.6
2031,METRO_ES_l_hospitalet_de_llobregat,160.0,72576.0
2031,METRO_ES_latina,148.0,67132.8
2031,METRO_ES_carabanchel,142.0,64411.2
2031,METRO_ES_a_coruna,138.0,62596.8
2031,METRO_ES_puente_de_vallecas,137.0,62143.2
2031,METRO_ES_sant_marti,139.0,63050.4
2031,METRO_ES_gasteiz_vitoria,134.0,60782.4
2031,METRO_ES_granada,133.0,60328.8
2031,METRO_ES_elche,134.0,60782.4
2031,METRO_ES_ciudad_lineal,135.0,61236.0
2031,METRO_ES_oviedo,128.0,58060.8
2031,METRO_ES_santa_cruz_de_tenerife,128.0,58060.8
2031,METRO_ES_fuencarral_el_pardo,123.0,55792.8
2031,METRO_ES_badalona,127.0,57607.2
2031,METRO_ES_cartagena,120.0,54432.0
2031,METRO_ES_terrassa,123.0,55792.8
2031,METRO_ES_jerez_de_la_frontera,115.0,52164.0
2031,METRO_ES_sabadell,119.0,53978.4
2031,METRO_ES_mostoles,117.0,53071.2
2031,METRO_ES_alcala_de_henares,118.0,53524.8
2031,METRO_ES_pamplona,113.0,51256.8
2031,METRO_ES_fuenlabrada,107.0,48535.2
2031,METRO_ES_almeria,111.0,50349.60000000001
2031,METRO_ES_leganes,107.0,48535.2
2031,METRO_ES_san_sebastian,103.0,46720.8
2031,METRO_ES_sants_montjuic,102.0,46267.2
2031,METRO_ES_santander,103.0,46720.8
2031,METRO_ES_castello_de_la_plana,107.0,48535.2
2031,METRO_ES_burgos,101.0,45813.60000000001
2031,METRO_ES_albacete,95.0,43092.0
2031,METRO_ES_horta_guinardo,94.0,42638.4
2031,METRO_ES_alcorcon,96.0,43545.60000000001
2031,METRO_ES_getafe,100.0,45360.0
2031,METRO_ES_nou_barris,100.0,45360.0
2031,METRO_CH_zurich,840.0,381024.0
2031,METRO_CH_geneva,373.0,169192.8
2031,METRO_CH_basel,333.0,151048.8
2031,METRO_CH_lausanne,273.0,123832.8
2031,METRO_CH_bern,259.0,117482.4
2031,METRO_BG_sofia,575.0,260820.0
2031,METRO_BG_plovdiv,155.0,70308.0
2031,METRO_BG_varna,150.0,68040.0
2031,METRO_BG_burgas,90.0,40824.0
2031,METRO_HR_zagreb,309.0,140162.4
2031,METRO_HR_split,75.0,34020.0
2031,METRO_CY_nicosia,99.0,44906.4
2031,METRO_CZ_prague,588.0,266716.8
2031,METRO_CZ_brno,175.0,79380.0
2031,METRO_CZ_ostrava,138.0,62596.8
2031,METRO_CZ_pilsen,73.0,33112.8
2031,METRO_GR_athens,1423.0,645472.8
2031,METRO_GR_thessaloniki,368.0,166924.8
2031,METRO_GR_patras,77.0,34927.2
2031,METRO_GR_piraeus,71.0,32205.6
2031,METRO_HU_budapest,806.0,365601.6
2031,METRO_HU_debrecen,94.0,42638.4
2031,METRO_HU_miskolc,73.0,33112.8
2031,METRO_HU_szeged,73.0,33112.8
2031,METRO_RO_bucharest,768.0,348364.8
2031,METRO_RO_iasi,142.0,64411.2
2031,METRO_RO_cluj_napoca,139.0,63050.4
2031,METRO_RO_timisoara,138.0,62596.8
2031,METRO_RO_craiova,128.0,58060.8
2031,METRO_RO_constanta,130.0,58968.0
2031,METRO_RO_galati,120.0,54432.0
2031,METRO_RO_brasov,116.0,52617.60000000001
2031,METRO_RO_ploiesti,97.0,43999.2
2031,METRO_RO_braila,87.0,39463.2
2031,METRO_RO_oradea,90.0,40824.0
2031,METRO_RO_bacau,69.0,31298.4
2031,METRO_RO_arad,73.0,33112.8
2031,METRO_RO_pitesti,72.0,32659.2
2031,METRO_MT_valletta,3.0,1360.8
2031,METRO_SK_bratislava,203.0,92080.8
2031,METRO_SK_kosice,103.0,46720.8
2031,METRO_SI_ljubljana,125.0,56700.0
2031,METRO_LU_luxembourg,58.0,26308.8
2031,NONMETRO_AT,3437.0,1558560.0
2031,NONMETRO_BE,4558.0,2068080.0
2031,NONMETRO_BG,1958.0,888720.0
2031,NONMETRO_CH,3027.0,1373160.0
2031,NONMETRO_CY,555.0,252480.0
2031,NONMETRO_CZ,3608.0,1635960.0
2031,NONMETRO_DE,37267.0,16904400.0
2031,NONMETRO_DK,2672.0,1212000.0
2031,NONMETRO_EE,498.0,226080.0
2031,NONMETRO_ES,11877.0,5388000.0
2031,NONMETRO_FI,1968.0,892680.0
2031,NONMETRO_FR,22880.0,10378680.0
2031,NONMETRO_GR,2464.0,1118040.0
2031,NONMETRO_HR,1289.0,585240.0
2031,NONMETRO_HU,3190.0,1447680.0
2031,NONMETRO_IE,2112.0,957360.0
2031,NONMETRO_IT,17653.0,8008320.0
2031,NONMETRO_LT,956.0,434280.0
2031,NONMETRO_LU,426.0,193440.0
2031,NONMETRO_LV,700.0,317520.0
2031,NONMETRO_MT,177.0,80880.0
2031,NONMETRO_NL,9233.0,4188000.0
2031,NONMETRO_NO,2655.0,1205040.0
2031,NONMETRO_PL,16522.0,7493880.0
2031,NONMETRO_PT,3185.0,1445400.0
2031,NONMETRO_RO,6028.0,2734320.0
2031,NONMETRO_SE,4873.0,2210280.0
2031,NONMETRO_SI,824.0,373080.0
2031,NONMETRO_SK,2101.0,952920.0
2032,METRO_BE_brussels,1543.0,699904.8
2032,METRO_BE_antwerp,764.0,346550.4
2032,METRO_BE_liege,493.0,223624.8
2032,METRO_BE_gent,345.0,156492.0
2032,METRO_BE_charleroi,300.0,136080.0
2032,METRO_DE_berlin,2526.0,1145793.6
2032,METRO_DE_hamburg,1257.0,570175.2000000001
2032,METRO_DE_munich,1139.0,516650.4
2032,METRO_DE_koeln,687.0,311623.2
2032,METRO_DE_frankfurt_am_main,523.0,237232.8
2032,METRO_DE_duesseldorf,456.0,206841.6
2032,METRO_DE_stuttgart,450.0,204120.0
2032,METRO_DE_leipzig,435.0,197316.0
2032,METRO_DE_dresden,425.0,192780.0
2032,METRO_DE_dortmund,416.0,188697.6
2032,METRO_DE_essen,408.0,185068.8
2032,METRO_DE_bremen,402.0,182347.2
2032,METRO_DE_hannover,380.0,172368.0
2032,METRO_DE_duisburg,377.0,171007.2
2032,METRO_DE_nuernberg,375.0,170100.0
2032,METRO_DE_wandsbek,294.0,133358.4
2032,METRO_DE_bochum,271.0,122925.6
2032,METRO_DE_bochum_hordel,269.0,122018.4
2032,METRO_DE_mannheim,251.0,113853.6
2032,METRO_DE_wuppertal,245.0,111132.0
2032,METRO_DE_bielefeld,236.0,107049.6
2032,METRO_DE_karlsruhe,230.0,104328.0
2032,METRO_DE_bonn,226.0,102513.6
2032,METRO_DE_marienthal,208.0,94348.8
2032,METRO_DE_hamburg_nord,212.0,96163.20000000001
2032,METRO_DE_wiesbaden,198.0,89812.8
2032,METRO_DE_muenster,210.0,95256.0
2032,METRO_DE_gelsenkirchen,191.0,86637.6
2032,METRO_DE_aachen,197.0,89359.20000000001
2032,METRO_DE_moenchengladbach,188.0,85276.8
2032,METRO_DE_augsburg,201.0,91173.6
2032,METRO_DE_eimsbuettel,182.0,82555.2
2032,METRO_DE_altona,177.0,80287.2
2032,METRO_DE_chemnitz,182.0,82555.2
2032,METRO_DE_braunschweig,181.0,82101.6
2032,METRO_DE_krefeld,170.0,77112.0
2032,METRO_DE_halle_saale,172.0,78019.2
2032,METRO_DE_hamburg_mitte,174.0,78926.40000000001
2032,METRO_DE_kiel,174.0,78926.40000000001
2032,METRO_DE_magdeburg,169.0,76658.40000000001
2032,METRO_DE_neue_neustadt,160.0,72576.0
2032,METRO_DE_oberhausen,154.0,69854.40000000001
2032,METRO_DE_freiburg,170.0,77112.0
2032,METRO_DE_luebeck,155.0,70308.0
2032,METRO_DE_erfurt,152.0,68947.2
2032,METRO_DE_harburg,163.0,73936.8
2032,METRO_DE_hagen,141.0,63957.60000000001
2032,METRO_DE_rostock,145.0,65772.0
2032,METRO_DE_kassel,144.0,65318.4
2032,METRO_DE_hamm,133.0,60328.8
2032,METRO_DE_mainz,139.0,63050.4
2032,METRO_DE_saarbruecken,129.0,58514.4
2032,METRO_DE_herne,121.0,54885.60000000001
2032,METRO_DE_muelheim,122.0,55339.2
2032,METRO_DE_neukoelln,117.0,53071.2
2032,METRO_DE_osnabrueck,127.0,57607.2
2032,METRO_DE_solingen,119.0,53978.4
2032,METRO_NL_amsterdam,867.0,393271.2
2032,METRO_NL_rotterdam,741.0,336117.6
2032,METRO_NL_the_hague,530.0,240408.0
2032,METRO_NL_utrecht,424.0,192326.4
2032,METRO_NL_eindhoven,272.0,123379.2
2032,METRO_NL_tilburg,146.0,66225.6
2032,METRO_NL_groningen,134.0,60782.4
2032,METRO_NL_almere_stad,132.0,59875.2
2032,METRO_NL_breda,122.0,55339.2
2032,METRO_DK_copenhagen,952.0,431827.2
2032,METRO_DK_arhus,170.0,77112.0
2032,METRO_EE_tallinn,302.0,136987.2
2032,METRO_FI_helsinki,914.0,414590.4
2032,METRO_FI_tampere,236.0,107049.6
2032,METRO_FI_espoo,191.0,86637.6
2032,METRO_FI_vantaa,134.0,60782.4
2032,METRO_FI_turku,125.0,56700.0
2032,METRO_LV_riga,388.0,175996.8
2032,METRO_LT_vilnius,351.0,159213.6
2032,METRO_LT_kaunas,253.0,114760.8
2032,METRO_LT_klaipeda,136.0,61689.60000000001
2032,METRO_NO_oslo,794.0,360158.4
2032,METRO_NO_bergen,146.0,66225.6
2032,METRO_PL_warsaw,1170.0,530712.0
2032,METRO_PL_krakow,500.0,226800.0
2032,METRO_PL_lodz,399.0,180986.4
2032,METRO_PL_wroclaw,417.0,189151.2
2032,METRO_PL_poznan,326.0,147873.6
2032,METRO_PL_gdansk,302.0,136987.2
2032,METRO_PL_szczecin,254.0,115214.4
2032,METRO_PL_bydgoszcz,213.0,96616.8
2032,METRO_PL_lublin,206.0,93441.6
2032,METRO_PL_katowice,198.0,89812.8
2032,METRO_PL_bialystok,191.0,86637.6
2032,METRO_PL_gdynia,164.0,74390.40000000001
2032,METRO_PL_czestochowa,154.0,69854.40000000001
2032,METRO_PL_sosnowiec,140.0,63504.0
2032,METRO_PL_radom,143.0,64864.8
2032,METRO_PL_mokotow,137.0,62143.2
2032,METRO_PL_torun,134.0,60782.4
2032,METRO_PL_kielce,132.0,59875.2
2032,METRO_PL_gliwice,123.0,55792.8
2032,METRO_PL_zabrze,119.0,53978.4
2032,METRO_PL_bytom,117.0,53071.2
2032,METRO_PL_praga_poludnie,120.0,54432.0
2032,METRO_PL_bielsko_biala,113.0,51256.8
2032,METRO_PL_olsztyn,111.0,50349.60000000001
2032,METRO_SE_stockholm,1209.0,548402.4
2032,METRO_SE_gothenburg,446.0,202305.6
2032,METRO_SE_malmo,235.0,106596.0
2032,METRO_AT_vienna,1267.0,574711.2000000001
2032,METRO_AT_graz,145.0,65772.0
2032,METRO_AT_linz,127.0,57607.2
2032,METRO_AT_favoriten,134.0,60782.4
2032,METRO_AT_donaustadt,140.0,63504.0
2032,METRO_FR_paris,7114.0,3226910.4
2032,METRO_FR_lyon,1126.0,510753.6
2032,METRO_FR_marseille,1028.0,466300.8
2032,METRO_FR_lille,683.0,309808.8
2032,METRO_FR_toulouse,686.0,311169.6
2032,METRO_FR_bordeaux,645.0,292572.0
2032,METRO_FR_nice,595.0,269892.0
2032,METRO_FR_nantes,450.0,204120.0
2032,METRO_FR_toulon,370.0,167832.0
2032,METRO_FR_grenoble,341.0,154677.6
2032,METRO_FR_strasbourg,307.0,139255.2
2032,METRO_FR_montpellier,309.0,140162.4
2032,METRO_FR_avignon,303.0,137440.8
2032,METRO_FR_rouen,298.0,135172.8
2032,METRO_FR_saint_etienne,238.0,107956.8
2032,METRO_FR_rennes,235.0,106596.0
2032,METRO_FR_tours,231.0,104781.6
2032,METRO_FR_bethune,228.0,103420.8
2032,METRO_FR_valenciennes,215.0,97524.0
2032,METRO_FR_reims,118.0,53524.8
2032,METRO_FR_le_havre,110.0,49896.0
2032,METRO_FR_cergy_pontoise,119.0,53978.4
2032,METRO_FR_angers,104.0,47174.4
2032,METRO_IE_dublin,843.0,382384.8
2032,METRO_IE_cork,121.0,54885.60000000001
2032,METRO_IE_dun_laoghaire,119.0,53978.4
2032,METRO_IT_rome,2669.0,1210658.4
2032,METRO_IT_milan,1933.0,876808.8
2032,METRO_IT_naples,1324.0,600566.4
2032,METRO_IT_turin,1105.0,501228.0
2032,METRO_IT_bergamo,571.0,259005.6
2032,METRO_IT_palermo,517.0,234511.2
2032,METRO_IT_bologna,502.0,227707.2
2032,METRO_IT_florence,435.0,197316.0
2032,METRO_IT_padova,431.0,195501.6
2032,METRO_IT_genoa,408.0,185068.8
2032,METRO_IT_busto_arsizio,411.0,186429.6
2032,METRO_IT_verona,396.0,179625.6
2032,METRO_IT_seregno,394.0,178718.4
2032,METRO_IT_bari,381.0,172821.6
2032,METRO_IT_catania,359.0,162842.4
2032,METRO_IT_brescia,305.0,138348.0
2032,METRO_IT_como,303.0,137440.8
2032,METRO_IT_cagliari,292.0,132451.2
2032,METRO_IT_latina,290.0,131544.0
2032,METRO_IT_taranto,281.0,127461.6
2032,METRO_IT_caserta,265.0,120204.0
2032,METRO_IT_salerno,258.0,117028.8
2032,METRO_IT_treviso,239.0,108410.4
2032,METRO_IT_pescara,236.0,107049.6
2032,METRO_IT_modena,224.0,101606.4
2032,METRO_IT_barletta,209.0,94802.40000000001
2032,METRO_IT_parma,207.0,93895.20000000001
2032,METRO_IT_vicenza,205.0,92988.0
2032,METRO_IT_nola,202.0,91627.20000000001
2032,METRO_IT_lecco,193.0,87544.8
2032,METRO_IT_messina,126.0,57153.60000000001
2032,METRO_IT_trieste,113.0,51256.8
2032,METRO_IT_prato,113.0,51256.8
2032,METRO_IT_reggio_calabria,101.0,45813.60000000001
2032,METRO_PT_lisbon,1871.0,848685.6000000001
2032,METRO_PT_porto,821.0,372405.6
2032,METRO_PT_amadora,106.0,48081.60000000001
2032,METRO_ES_madrid,4187.0,1899223.2
2032,METRO_ES_barcelona,3520.0,1596672.0
2032,METRO_ES_valencia,512.0,232243.2
2032,METRO_ES_zaragoza,454.0,205934.4
2032,METRO_ES_sevilla,425.0,192780.0
2032,METRO_ES_malaga,362.0,164203.2
2032,METRO_ES_murcia,319.0,144698.4
2032,METRO_ES_palma,300.0,136080.0
2032,METRO_ES_alicante,234.0,106142.4
2032,METRO_ES_las_palmas_de_gran_canaria,232.0,105235.2
2032,METRO_ES_bilbao,209.0,94802.40000000001
2032,METRO_ES_cordoba,220.0,99792.0
2032,METRO_ES_vigo,187.0,84823.2
2032,METRO_ES_valladolid,181.0,82101.6
2032,METRO_ES_gijon,168.0,76204.8
2032,METRO_ES_eixample,160.0,72576.0
2032,METRO_ES_l_hospitalet_de_llobregat,179.0,81194.40000000001
2032,METRO_ES_latina,163.0,73936.8
2032,METRO_ES_carabanchel,155.0,70308.0
2032,METRO_ES_a_coruna,151.0,68493.6
2032,METRO_ES_puente_de_vallecas,150.0,68040.0
2032,METRO_ES_sant_marti,154.0,69854.40000000001
2032,METRO_ES_gasteiz_vitoria,148.0,67132.8
2032,METRO_ES_granada,145.0,65772.0
2032,METRO_ES_elche,147.0,66679.2
2032,METRO_ES_ciudad_lineal,149.0,67586.40000000001
2032,METRO_ES_oviedo,140.0,63504.0
2032,METRO_ES_santa_cruz_de_tenerife,141.0,63957.60000000001
2032,METRO_ES_fuencarral_el_pardo,135.0,61236.0
2032,METRO_ES_badalona,140.0,63504.0
2032,METRO_ES_cartagena,131.0,59421.60000000001
2032,METRO_ES_terrassa,135.0,61236.0
2032,METRO_ES_jerez_de_la_frontera,126.0,57153.60000000001
2032,METRO_ES_sabadell,131.0,59421.60000000001
2032,METRO_ES_mostoles,129.0,58514.4
2032,METRO_ES_alcala_de_henares,129.0,58514.4
2032,METRO_ES_pamplona,124.0,56246.4
2032,METRO_ES_fuenlabrada,116.0,52617.60000000001
2032,METRO_ES_almeria,123.0,55792.8
2032,METRO_ES_leganes,118.0,53524.8
2032,METRO_ES_san_sebastian,113.0,51256.8
2032,METRO_ES_sants_montjuic,112.0,50803.2
2032,METRO_ES_santander,113.0,51256.8
2032,METRO_ES_castello_de_la_plana,119.0,53978.4
2032,METRO_ES_burgos,110.0,49896.0
2032,METRO_ES_albacete,103.0,46720.8
2032,METRO_ES_horta_guinardo,103.0,46720.8
2032,METRO_ES_alcorcon,105.0,47628.0
2032,METRO_ES_getafe,110.0,49896.0
2032,METRO_ES_nou_barris,110.0,49896.0
2032,METRO_CH_zurich,924.0,419126.4
2032,METRO_CH_geneva,411.0,186429.6
2032,METRO_CH_basel,366.0,166017.6
2032,METRO_CH_lausanne,301.0,136533.6
2032,METRO_CH_bern,285.0,129276.0
2032,METRO_BG_sofia,702.0,318427.2
2032,METRO_BG_plovdiv,190.0,86184.0
2032,METRO_BG_varna,183.0,83008.8
2032,METRO_BG_burgas,110.0,49896.0
2032,METRO_HR_zagreb,378.0,171460.8
2032,METRO_HR_split,91.0,41277.6
2032,METRO_CY_nicosia,123.0,55792.8
2032,METRO_CZ_prague,716.0,324777.6
2032,METRO_CZ_brno,214.0,97070.40000000001
2032,METRO_CZ_ostrava,168.0,76204.8
2032,METRO_CZ_pilsen,89.0,40370.4
2032,METRO_GR_athens,1740.0,789264.0
2032,METRO_GR_thessaloniki,451.0,204573.6
2032,METRO_GR_patras,95.0,43092.0
2032,METRO_GR_piraeus,86.0,39009.6
2032,METRO_HU_budapest,986.0,447249.6
2032,METRO_HU_debrecen,116.0,52617.60000000001
2032,METRO_HU_miskolc,88.0,39916.8
2032,METRO_HU_szeged,88.0,39916.8
2032,METRO_RO_bucharest,934.0,423662.4
2032,METRO_RO_iasi,173.0,78472.8
2032,METRO_RO_cluj_napoca,169.0,76658.40000000001
2032,METRO_RO_timisoara,168.0,76204.8
2032,METRO_RO_craiova,155.0,70308.0
2032,METRO_RO_constanta,157.0,71215.2
2032,METRO_RO_galati,143.0,64864.8
2032,METRO_RO_brasov,140.0,63504.0
2032,METRO_RO_ploiesti,118.0,53524.8
2032,METRO_RO_braila,104.0,47174.4
2032,METRO_RO_oradea,110.0,49896.0
2032,METRO_RO_bacau,83.0,37648.8
2032,METRO_RO_arad,88.0,39916.8
2032,METRO_RO_pitesti,87.0,39463.2
2032,METRO_MT_valletta,3.0,1360.8
2032,METRO_SK_bratislava,249.0,112946.4
2032,METRO_SK_kosice,126.0,57153.60000000001
2032,METRO_SI_ljubljana,154.0,69854.40000000001
2032,METRO_LU_luxembourg,64.0,29030.4
2032,NONMETRO_AT,3747.0,1698720.0
2032,NONMETRO_BE,4915.0,2228760.0
2032,NONMETRO_BG,2376.0,1078440.0
2032,NONMETRO_CH,3317.0,1504440.0
2032,NONMETRO_CY,683.0,309960.0
2032,NONMETRO_CZ,4376.0,1985640.0
2032,NONMETRO_DE,39929.0,18111720.0
2032,NONMETRO_DK,2905.0,1317240.0
2032,NONMETRO_EE,534.0,242040.0
2032,NONMETRO_ES,12947.0,5871840.0
2032,NONMETRO_FI,2131.0,966600.0
2032,NONMETRO_FR,24995.0,11338200.0
2032,NONMETRO_GR,2999.0,1360440.0
2032,NONMETRO_HR,1564.0,709800.0
2032,NONMETRO_HU,3880.0,1760280.0
2032,NONMETRO_IE,2325.0,1053960.0
2032,NONMETRO_IT,19187.0,8703720.0
2032,NONMETRO_LT,1024.0,463800.0
2032,NONMETRO_LU,466.0,211560.0
2032,NONMETRO_LV,751.0,341760.0
2032,NONMETRO_MT,218.0,98640.0
2032,NONMETRO_NL,9998.0,4535280.0
2032,NONMETRO_NO,2891.0,1311960.0
2032,NONMETRO_PL,17759.0,8056080.0
2032,NONMETRO_PT,3468.0,1573080.0
2032,NONMETRO_RO,7326.0,3323280.0
2032,NONMETRO_SE,5301.0,2404440.0
2032,NONMETRO_SI,1006.0,455760.0
2032,NONMETRO_SK,2556.0,1160040.0
2033,METRO_BE_brussels,1660.0,752976.0
2033,METRO_BE_antwerp,822.0,372859.2
2033,METRO_BE_liege,530.0,240408.0
2033,METRO_BE_gent,371.0,168285.6
2033,METRO_BE_charleroi,322.0,146059.2
2033,METRO_DE_berlin,2709.0,1228802.4
2033,METRO_DE_hamburg,1348.0,611452.8
2033,METRO_DE_munich,1224.0,555206.4
2033,METRO_DE_koeln,738.0,334756.8
2033,METRO_DE_frankfurt_am_main,573.0,259912.8
2033,METRO_DE_duesseldorf,490.0,222264.0
2033,METRO_DE_stuttgart,482.0,218635.2
2033,METRO_DE_leipzig,468.0,212284.8
2033,METRO_DE_dresden,457.0,207295.2
2033,METRO_DE_dortmund,446.0,202305.6
2033,METRO_DE_essen,438.0,198676.8
2033,METRO_DE_bremen,431.0,195501.6
2033,METRO_DE_hannover,407.0,184615.2
2033,METRO_DE_duisburg,405.0,183708.0
2033,METRO_DE_nuernberg,407.0,184615.2
2033,METRO_DE_wandsbek,317.0,143791.2
2033,METRO_DE_bochum,291.0,131997.6
2033,METRO_DE_bochum_hordel,289.0,131090.4
2033,METRO_DE_mannheim,270.0,122472.0
2033,METRO_DE_wuppertal,262.0,118843.2
2033,METRO_DE_bielefeld,253.0,114760.8
2033,METRO_DE_karlsruhe,247.0,112039.2
2033,METRO_DE_bonn,242.0,109771.2
2033,METRO_DE_marienthal,224.0,101606.4
2033,METRO_DE_hamburg_nord,230.0,104328.0
2033,METRO_DE_wiesbaden,214.0,97070.40000000001
2033,METRO_DE_muenster,228.0,103420.8
2033,METRO_DE_gelsenkirchen,205.0,92988.0
2033,METRO_DE_aachen,213.0,96616.8
2033,METRO_DE_moenchengladbach,203.0,92080.8
2033,METRO_DE_augsburg,219.0,99338.40000000001
2033,METRO_DE_eimsbuettel,196.0,88905.6
2033,METRO_DE_altona,190.0,86184.0
2033,METRO_DE_chemnitz,197.0,89359.20000000001
2033,METRO_DE_braunschweig,195.0,88452.0
2033,METRO_DE_krefeld,183.0,83008.8
2033,METRO_DE_halle_saale,186.0,84369.6
2033,METRO_DE_hamburg_mitte,189.0,85730.40000000001
2033,METRO_DE_kiel,188.0,85276.8
2033,METRO_DE_magdeburg,183.0,83008.8
2033,METRO_DE_neue_neustadt,171.0,77565.6
2033,METRO_DE_oberhausen,165.0,74844.0
2033,METRO_DE_freiburg,185.0,83916.0
2033,METRO_DE_luebeck,167.0,75751.2
2033,METRO_DE_erfurt,165.0,74844.0
2033,METRO_DE_harburg,178.0,80740.8
2033,METRO_DE_hagen,151.0,68493.6
2033,METRO_DE_rostock,156.0,70761.6
2033,METRO_DE_kassel,156.0,70761.6
2033,METRO_DE_hamm,144.0,65318.4
2033,METRO_DE_mainz,150.0,68040.0
2033,METRO_DE_saarbruecken,139.0,63050.4
2033,METRO_DE_herne,130.0,58968.0
2033,METRO_DE_muelheim,132.0,59875.2
2033,METRO_DE_neukoelln,125.0,56700.0
2033,METRO_DE_osnabrueck,138.0,62596.8
2033,METRO_DE_solingen,128.0,58060.8
2033,METRO_NL_amsterdam,934.0,423662.4
2033,METRO_NL_rotterdam,798.0,361972.8
2033,METRO_NL_the_hague,571.0,259005.6
2033,METRO_NL_utrecht,458.0,207748.8
2033,METRO_NL_eindhoven,293.0,132904.8
2033,METRO_NL_tilburg,158.0,71668.8
2033,METRO_NL_groningen,145.0,65772.0
2033,METRO_NL_almere_stad,143.0,64864.8
2033,METRO_NL_breda,132.0,59875.2
2033,METRO_DK_copenhagen,1032.0,468115.2
2033,METRO_DK_arhus,186.0,84369.6
2033,METRO_EE_tallinn,326.0,147873.6
2033,METRO_FI_helsinki,990.0,449064.0
2033,METRO_FI_tampere,255.0,115668.0
2033,METRO_FI_espoo,211.0,95709.6
2033,METRO_FI_vantaa,147.0,66679.2
2033,METRO_FI_turku,137.0,62143.2
2033,METRO_LV_riga,416.0,188697.6
2033,METRO_LT_vilnius,378.0,171460.8
2033,METRO_LT_kaunas,274.0,124286.4
2033,METRO_LT_klaipeda,148.0,67132.8
2033,METRO_NO_oslo,866.0,392817.6
2033,METRO_NO_bergen,158.0,71668.8
2033,METRO_PL_warsaw,1260.0,571536.0
2033,METRO_PL_krakow,539.0,244490.4
2033,METRO_PL_lodz,427.0,193687.2
2033,METRO_PL_wroclaw,449.0,203666.4
2033,METRO_PL_poznan,349.0,158306.4
2033,METRO_PL_gdansk,326.0,147873.6
2033,METRO_PL_szczecin,273.0,123832.8
2033,METRO_PL_bydgoszcz,228.0,103420.8
2033,METRO_PL_lublin,220.0,99792.0
2033,METRO_PL_katowice,212.0,96163.20000000001
2033,METRO_PL_bialystok,206.0,93441.6
2033,METRO_PL_gdynia,176.0,79833.6
2033,METRO_PL_czestochowa,165.0,74844.0
2033,METRO_PL_sosnowiec,150.0,68040.0
2033,METRO_PL_radom,153.0,69400.8
2033,METRO_PL_mokotow,147.0,66679.2
2033,METRO_PL_torun,144.0,65318.4
2033,METRO_PL_kielce,141.0,63957.60000000001
2033,METRO_PL_gliwice,132.0,59875.2
2033,METRO_PL_zabrze,128.0,58060.8
2033,METRO_PL_bytom,124.0,56246.4
2033,METRO_PL_praga_poludnie,129.0,58514.4
2033,METRO_PL_bielsko_biala,121.0,54885.60000000001
2033,METRO_PL_olsztyn,119.0,53978.4
2033,METRO_SE_stockholm,1315.0,596484.0
2033,METRO_SE_gothenburg,485.0,219996.0
2033,METRO_SE_malmo,256.0,116121.6
2033,METRO_AT_vienna,1383.0,627328.8
2033,METRO_AT_graz,159.0,72122.40000000001
2033,METRO_AT_linz,138.0,62596.8
2033,METRO_AT_favoriten,148.0,67132.8
2033,METRO_AT_donaustadt,158.0,71668.8
2033,METRO_FR_paris,7755.0,3517668.0
2033,METRO_FR_lyon,1228.0,557020.8
2033,METRO_FR_marseille,1120.0,508032.0
2033,METRO_FR_lille,745.0,337932.0
2033,METRO_FR_toulouse,749.0,339746.4
2033,METRO_FR_bordeaux,704.0,319334.4
2033,METRO_FR_nice,648.0,293932.8
2033,METRO_FR_nantes,492.0,223171.2
2033,METRO_FR_toulon,404.0,183254.4
2033,METRO_FR_grenoble,372.0,168739.2
2033,METRO_FR_strasbourg,335.0,151956.0
2033,METRO_FR_montpellier,337.0,152863.2
2033,METRO_FR_avignon,331.0,150141.6
2033,METRO_FR_rouen,325.0,147420.0
2033,METRO_FR_saint_etienne,259.0,117482.4
2033,METRO_FR_rennes,257.0,116575.2
2033,METRO_FR_tours,252.0,114307.2
2033,METRO_FR_bethune,248.0,112492.8
2033,METRO_FR_valenciennes,234.0,106142.4
2033,METRO_FR_reims,128.0,58060.8
2033,METRO_FR_le_havre,119.0,53978.4
2033,METRO_FR_cergy_pontoise,131.0,59421.60000000001
2033,METRO_FR_angers,113.0,51256.8
2033,METRO_IE_dublin,924.0,419126.4
2033,METRO_IE_cork,133.0,60328.8
2033,METRO_IE_dun_laoghaire,131.0,59421.60000000001
2033,METRO_IT_rome,2901.0,1315893.6
2033,METRO_IT_milan,2099.0,952106.4
2033,METRO_IT_naples,1437.0,651823.2000000001
2033,METRO_IT_turin,1200.0,544320.0
2033,METRO_IT_bergamo,621.0,281685.6
2033,METRO_IT_palermo,561.0,254469.6
2033,METRO_IT_bologna,545.0,247212.0
2033,METRO_IT_florence,472.0,214099.2
2033,METRO_IT_padova,468.0,212284.8
2033,METRO_IT_genoa,442.0,200491.2
2033,METRO_IT_busto_arsizio,446.0,202305.6
2033,METRO_IT_verona,430.0,195048.0
2033,METRO_IT_seregno,429.0,194594.4
2033,METRO_IT_bari,414.0,187790.4
2033,METRO_IT_catania,389.0,176450.4
2033,METRO_IT_brescia,332.0,150595.2
2033,METRO_IT_como,329.0,149234.4
2033,METRO_IT_cagliari,317.0,143791.2
2033,METRO_IT_latina,315.0,142884.0
2033,METRO_IT_taranto,305.0,138348.0
2033,METRO_IT_caserta,287.0,130183.2
2033,METRO_IT_salerno,280.0,127008.0
2033,METRO_IT_treviso,260.0,117936.0
2033,METRO_IT_pescara,256.0,116121.6
2033,METRO_IT_modena,243.0,110224.8
2033,METRO_IT_barletta,227.0,102967.2
2033,METRO_IT_parma,225.0,102060.0
2033,METRO_IT_vicenza,223.0,101152.8
2033,METRO_IT_nola,219.0,99338.40000000001
2033,METRO_IT_lecco,209.0,94802.40000000001
2033,METRO_IT_messina,136.0,61689.60000000001
2033,METRO_IT_trieste,122.0,55339.2
2033,METRO_IT_prato,123.0,55792.8
2033,METRO_IT_reggio_calabria,109.0,49442.4
2033,METRO_PT_lisbon,2035.0,923076.0
2033,METRO_PT_porto,893.0,405064.8
2033,METRO_PT_amadora,115.0,52164.0
2033,METRO_ES_madrid,4552.0,2064787.2
2033,METRO_ES_barcelona,3826.0,1735473.6
2033,METRO_ES_valencia,556.0,252201.6
2033,METRO_ES_zaragoza,493.0,223624.8
2033,METRO_ES_sevilla,461.0,209109.6
2033,METRO_ES_malaga,393.0,178264.8
2033,METRO_ES_murcia,347.0,157399.2
2033,METRO_ES_palma,327.0,148327.2
2033,METRO_ES_alicante,254.0,115214.4
2033,METRO_ES_las_palmas_de_gran_canaria,252.0,114307.2
2033,METRO_ES_bilbao,227.0,102967.2
2033,METRO_ES_cordoba,240.0,108864.0
2033,METRO_ES_vigo,203.0,92080.8
2033,METRO_ES_valladolid,196.0,88905.6
2033,METRO_ES_gijon,183.0,83008.8
2033,METRO_ES_eixample,173.0,78472.8
2033,METRO_ES_l_hospitalet_de_llobregat,199.0,90266.40000000001
2033,METRO_ES_latina,178.0,80740.8
2033,METRO_ES_carabanchel,169.0,76658.40000000001
2033,METRO_ES_a_coruna,164.0,74390.40000000001
2033,METRO_ES_puente_de_vallecas,163.0,73936.8
2033,METRO_ES_sant_marti,169.0,76658.40000000001
2033,METRO_ES_gasteiz_vitoria,161.0,73029.6
2033,METRO_ES_granada,158.0,71668.8
2033,METRO_ES_elche,161.0,73029.6
2033,METRO_ES_ciudad_lineal,163.0,73936.8
2033,METRO_ES_oviedo,153.0,69400.8
2033,METRO_ES_santa_cruz_de_tenerife,154.0,69854.40000000001
2033,METRO_ES_fuencarral_el_pardo,147.0,66679.2
2033,METRO_ES_badalona,153.0,69400.8
2033,METRO_ES_cartagena,143.0,64864.8
2033,METRO_ES_terrassa,148.0,67132.8
2033,METRO_ES_jerez_de_la_frontera,136.0,61689.60000000001
2033,METRO_ES_sabadell,143.0,64864.8
2033,METRO_ES_mostoles,141.0,63957.60000000001
2033,METRO_ES_alcala_de_henares,141.0,63957.60000000001
2033,METRO_ES_pamplona,136.0,61689.60000000001
2033,METRO_ES_fuenlabrada,125.0,56700.0
2033,METRO_ES_almeria,135.0,61236.0
2033,METRO_ES_leganes,129.0,58514.4
2033,METRO_ES_san_sebastian,122.0,55339.2
2033,METRO_ES_sants_montjuic,121.0,54885.60000000001
2033,METRO_ES_santander,122.0,55339.2
2033,METRO_ES_castello_de_la_plana,131.0,59421.60000000001
2033,METRO_ES_burgos,120.0,54432.0
2033,METRO_ES_albacete,112.0,50803.2
2033,METRO_ES_horta_guinardo,112.0,50803.2
2033,METRO_ES_alcorcon,115.0,52164.0
2033,METRO_ES_getafe,121.0,54885.60000000001
2033,METRO_ES_nou_barris,122.0,55339.2
2033,METRO_CH_zurich,1009.0,457682.4
2033,METRO_CH_geneva,449.0,203666.4
2033,METRO_CH_basel,399.0,180986.4
2033,METRO_CH_lausanne,329.0,149234.4
2033,METRO_CH_bern,311.0,141069.6
2033,METRO_BG_sofia,764.0,346550.4
2033,METRO_BG_plovdiv,207.0,93895.20000000001
2033,METRO_BG_varna,199.0,90266.40000000001
2033,METRO_BG_burgas,121.0,54885.60000000001
2033,METRO_HR_zagreb,413.0,187336.8
2033,METRO_HR_split,98.0,44452.8
2033,METRO_CY_nicosia,136.0,61689.60000000001
2033,METRO_CZ_prague,778.0,352900.8
2033,METRO_CZ_brno,235.0,106596.0
2033,METRO_CZ_ostrava,183.0,83008.8
2033,METRO_CZ_pilsen,97.0,43999.2
2033,METRO_GR_athens,1899.0,861386.4
2033,METRO_GR_thessaloniki,492.0,223171.2
2033,METRO_GR_patras,104.0,47174.4
2033,METRO_GR_piraeus,93.0,42184.8
2033,METRO_HU_budapest,1076.0,488073.6
2033,METRO_HU_debrecen,127.0,57607.2
2033,METRO_HU_miskolc,95.0,43092.0
2033,METRO_HU_szeged,96.0,43545.60000000001
2033,METRO_RO_bucharest,1014.0,459950.4
2033,METRO_RO_iasi,189.0,85730.40000000001
2033,METRO_RO_cluj_napoca,185.0,83916.0
2033,METRO_RO_timisoara,184.0,83462.40000000001
2033,METRO_RO_craiova,167.0,75751.2
2033,METRO_RO_constanta,170.0,77112.0
2033,METRO_RO_galati,153.0,69400.8
2033,METRO_RO_brasov,151.0,68493.6
2033,METRO_RO_ploiesti,127.0,57607.2
2033,METRO_RO_braila,111.0,50349.60000000001
2033,METRO_RO_oradea,119.0,53978.4
2033,METRO_RO_bacau,88.0,39916.8
2033,METRO_RO_arad,95.0,43092.0
2033,METRO_RO_pitesti,94.0,42638.4
2033,METRO_MT_valletta,4.0,1814.4
2033,METRO_SK_bratislava,272.0,123379.2
2033,METRO_SK_kosice,136.0,61689.60000000001
2033,METRO_SI_ljubljana,169.0,76658.40000000001
2033,METRO_LU_luxembourg,71.0,32205.6
2033,NONMETRO_AT,4056.0,1840440.0
2033,NONMETRO_BE,5274.0,2392080.0
2033,NONMETRO_BG,2574.0,1167360.0
2033,NONMETRO_CH,3610.0,1636800.0
2033,NONMETRO_CY,752.0,342120.0
2033,NONMETRO_CZ,4737.0,2148240.0
2033,NONMETRO_DE,42563.0,19307040.0
2033,NONMETRO_DK,3139.0,1423440.0
2033,NONMETRO_EE,570.0,258480.0
2033,NONMETRO_ES,14014.0,6356160.0
2033,NONMETRO_FI,2294.0,1041120.0
2033,NONMETRO_FR,27116.0,12299040.0
2033,NONMETRO_GR,3258.0,1478400.0
2033,NONMETRO_HR,1695.0,769320.0
2033,NONMETRO_HU,4212.0,1909920.0
2033,NONMETRO_IE,2542.0,1152480.0
2033,NONMETRO_IT,20709.0,9393000.0
2033,NONMETRO_LT,1090.0,494880.0
2033,NONMETRO_LU,506.0,228960.0
2033,NONMETRO_LV,801.0,363240.0
2033,NONMETRO_MT,240.0,108360.0
2033,NONMETRO_NL,10773.0,4886520.0
2033,NONMETRO_NO,3130.0,1419600.0
2033,NONMETRO_PL,18976.0,8608200.0
2033,NONMETRO_PT,3752.0,1702920.0
2033,NONMETRO_RO,7947.0,3603840.0
2033,NONMETRO_SE,5733.0,2600400.0
2033,NONMETRO_SI,1096.0,497520.0
2033,NONMETRO_SK,2777.0,1260240.0
2034,METRO_BE_brussels,1777.0,806047.2000000001
2034,METRO_BE_antwerp,880.0,399168.0
2034,METRO_BE_liege,567.0,257191.2
2034,METRO_BE_gent,397.0,180079.2
2034,METRO_BE_charleroi,345.0,156492.0
2034,METRO_DE_berlin,2893.0,1312264.8
2034,METRO_DE_hamburg,1439.0,652730.4
2034,METRO_DE_munich,1310.0,594216.0
2034,METRO_DE_koeln,789.0,357890.4
2034,METRO_DE_frankfurt_am_main,626.0,283953.6
2034,METRO_DE_duesseldorf,524.0,237686.4
2034,METRO_DE_stuttgart,515.0,233604.0
2034,METRO_DE_leipzig,501.0,227253.6
2034,METRO_DE_dresden,489.0,221810.4
2034,METRO_DE_dortmund,476.0,215913.6
2034,METRO_DE_essen,467.0,211831.2
2034,METRO_DE_bremen,460.0,208656.0
2034,METRO_DE_hannover,435.0,197316.0
2034,METRO_DE_duisburg,434.0,196862.4
2034,METRO_DE_nuernberg,439.0,199130.4
2034,METRO_DE_wandsbek,339.0,153770.4
2034,METRO_DE_bochum,311.0,141069.6
2034,METRO_DE_bochum_hordel,309.0,140162.4
2034,METRO_DE_mannheim,289.0,131090.4
2034,METRO_DE_wuppertal,280.0,127008.0
2034,METRO_DE_bielefeld,270.0,122472.0
2034,METRO_DE_karlsruhe,264.0,119750.4
2034,METRO_DE_bonn,258.0,117028.8
2034,METRO_DE_marienthal,241.0,109317.6
2034,METRO_DE_hamburg_nord,248.0,112492.8
2034,METRO_DE_wiesbaden,230.0,104328.0
2034,METRO_DE_muenster,248.0,112492.8
2034,METRO_DE_gelsenkirchen,219.0,99338.40000000001
2034,METRO_DE_aachen,230.0,104328.0
2034,METRO_DE_moenchengladbach,217.0,98431.20000000001
2034,METRO_DE_augsburg,237.0,107503.2
2034,METRO_DE_eimsbuettel,210.0,95256.0
2034,METRO_DE_altona,203.0,92080.8
2034,METRO_DE_chemnitz,212.0,96163.20000000001
2034,METRO_DE_braunschweig,210.0,95256.0
2034,METRO_DE_krefeld,195.0,88452.0
2034,METRO_DE_halle_saale,200.0,90720.0
2034,METRO_DE_hamburg_mitte,204.0,92534.40000000001
2034,METRO_DE_kiel,203.0,92080.8
2034,METRO_DE_magdeburg,196.0,88905.6
2034,METRO_DE_neue_neustadt,183.0,83008.8
2034,METRO_DE_oberhausen,177.0,80287.2
2034,METRO_DE_freiburg,201.0,91173.6
2034,METRO_DE_luebeck,180.0,81648.0
2034,METRO_DE_erfurt,178.0,80740.8
2034,METRO_DE_harburg,194.0,87998.40000000001
2034,METRO_DE_hagen,161.0,73029.6
2034,METRO_DE_rostock,168.0,76204.8
2034,METRO_DE_kassel,168.0,76204.8
2034,METRO_DE_hamm,154.0,69854.40000000001
2034,METRO_DE_mainz,162.0,73483.2
2034,METRO_DE_saarbruecken,149.0,67586.40000000001
2034,METRO_DE_herne,139.0,63050.4
2034,METRO_DE_muelheim,141.0,63957.60000000001
2034,METRO_DE_neukoelln,134.0,60782.4
2034,METRO_DE_osnabrueck,149.0,67586.40000000001
2034,METRO_DE_solingen,137.0,62143.2
2034,METRO_NL_amsterdam,1002.0,454507.2
2034,METRO_NL_rotterdam,855.0,387828.0
2034,METRO_NL_the_hague,613.0,278056.8
2034,METRO_NL_utrecht,492.0,223171.2
2034,METRO_NL_eindhoven,315.0,142884.0
2034,METRO_NL_tilburg,170.0,77112.0
2034,METRO_NL_groningen,157.0,71215.2
2034,METRO_NL_almere_stad,154.0,69854.40000000001
2034,METRO_NL_breda,141.0,63957.60000000001
2034,METRO_DK_copenhagen,1113.0,504856.8
2034,METRO_DK_arhus,203.0,92080.8
2034,METRO_EE_tallinn,350.0,158760.0
2034,METRO_FI_helsinki,1067.0,483991.2
2034,METRO_FI_tampere,274.0,124286.4
2034,METRO_FI_espoo,231.0,104781.6
2034,METRO_FI_vantaa,159.0,72122.40000000001
2034,METRO_FI_turku,149.0,67586.40000000001
2034,METRO_LV_riga,443.0,200944.8
2034,METRO_LT_vilnius,405.0,183708.0
2034,METRO_LT_kaunas,295.0,133812.0
2034,METRO_LT_klaipeda,161.0,73029.6
2034,METRO_NO_oslo,940.0,426384.0
2034,METRO_NO_bergen,171.0,77565.6
2034,METRO_PL_warsaw,1350.0,612360.0
2034,METRO_PL_krakow,577.0,261727.2
2034,METRO_PL_lodz,454.0,205934.4
2034,METRO_PL_wroclaw,481.0,218181.6
2034,METRO_PL_poznan,372.0,168739.2
2034,METRO_PL_gdansk,349.0,158306.4
2034,METRO_PL_szczecin,291.0,131997.6
2034,METRO_PL_bydgoszcz,243.0,110224.8
2034,METRO_PL_lublin,235.0,106596.0
2034,METRO_PL_katowice,226.0,102513.6
2034,METRO_PL_bialystok,220.0,99792.0
2034,METRO_PL_gdynia,188.0,85276.8
2034,METRO_PL_czestochowa,175.0,79380.0
2034,METRO_PL_sosnowiec,159.0,72122.40000000001
2034,METRO_PL_radom,163.0,73936.8
2034,METRO_PL_mokotow,157.0,71215.2
2034,METRO_PL_torun,154.0,69854.40000000001
2034,METRO_PL_kielce,151.0,68493.6
2034,METRO_PL_gliwice,140.0,63504.0
2034,METRO_PL_zabrze,136.0,61689.60000000001
2034,METRO_PL_bytom,132.0,59875.2
2034,METRO_PL_praga_poludnie,138.0,62596.8
2034,METRO_PL_bielsko_biala,130.0,58968.0
2034,METRO_PL_olsztyn,127.0,57607.2
2034,METRO_SE_stockholm,1423.0,645472.8
2034,METRO_SE_gothenburg,524.0,237686.4
2034,METRO_SE_malmo,276.0,125193.6
2034,METRO_AT_vienna,1500.0,680400.0
2034,METRO_AT_graz,174.0,78926.40000000001
2034,METRO_AT_linz,150.0,68040.0
2034,METRO_AT_favoriten,162.0,73483.2
2034,METRO_AT_donaustadt,176.0,79833.6
2034,METRO_FR_paris,8405.0,3812508.0
2034,METRO_FR_lyon,1332.0,604195.2000000001
2034,METRO_FR_marseille,1213.0,550216.8
2034,METRO_FR_lille,807.0,366055.2
2034,METRO_FR_toulouse,813.0,368776.8
2034,METRO_FR_bordeaux,764.0,346550.4
2034,METRO_FR_nice,701.0,317973.6
2034,METRO_FR_nantes,534.0,242222.4
2034,METRO_FR_toulon,437.0,198223.2
2034,METRO_FR_grenoble,403.0,182800.8
2034,METRO_FR_strasbourg,363.0,164656.8
2034,METRO_FR_montpellier,366.0,166017.6
2034,METRO_FR_avignon,358.0,162388.8
2034,METRO_FR_rouen,352.0,159667.2
2034,METRO_FR_saint_etienne,280.0,127008.0
2034,METRO_FR_rennes,279.0,126554.4
2034,METRO_FR_tours,273.0,123832.8
2034,METRO_FR_bethune,268.0,121564.8
2034,METRO_FR_valenciennes,253.0,114760.8
2034,METRO_FR_reims,137.0,62143.2
2034,METRO_FR_le_havre,127.0,57607.2
2034,METRO_FR_cergy_pontoise,143.0,64864.8
2034,METRO_FR_angers,122.0,55339.2
2034,METRO_IE_dublin,1006.0,456321.6
2034,METRO_IE_cork,144.0,65318.4
2034,METRO_IE_dun_laoghaire,143.0,64864.8
2034,METRO_IT_rome,3134.0,1421582.4
2034,METRO_IT_milan,2266.0,1027857.6
2034,METRO_IT_naples,1550.0,703080.0
2034,METRO_IT_turin,1296.0,587865.6
2034,METRO_IT_bergamo,672.0,304819.2
2034,METRO_IT_palermo,605.0,274428.0
2034,METRO_IT_bologna,589.0,267170.4
2034,METRO_IT_florence,510.0,231336.0
2034,METRO_IT_padova,506.0,229521.6
2034,METRO_IT_genoa,477.0,216367.2
2034,METRO_IT_busto_arsizio,482.0,218635.2
2034,METRO_IT_verona,465.0,210924.0
2034,METRO_IT_seregno,464.0,210470.4
2034,METRO_IT_bari,446.0,202305.6
2034,METRO_IT_catania,420.0,190512.0
2034,METRO_IT_brescia,359.0,162842.4
2034,METRO_IT_como,356.0,161481.6
2034,METRO_IT_cagliari,342.0,155131.2
2034,METRO_IT_latina,341.0,154677.6
2034,METRO_IT_taranto,329.0,149234.4
2034,METRO_IT_caserta,310.0,140616.0
2034,METRO_IT_salerno,303.0,137440.8
2034,METRO_IT_treviso,281.0,127461.6
2034,METRO_IT_pescara,277.0,125647.2
2034,METRO_IT_modena,263.0,119296.8
2034,METRO_IT_barletta,244.0,110678.4
2034,METRO_IT_parma,243.0,110224.8
2034,METRO_IT_vicenza,241.0,109317.6
2034,METRO_IT_nola,237.0,107503.2
2034,METRO_IT_lecco,226.0,102513.6
2034,METRO_IT_messina,145.0,65772.0
2034,METRO_IT_trieste,132.0,59875.2
2034,METRO_IT_prato,134.0,60782.4
2034,METRO_IT_reggio_calabria,117.0,53071.2
2034,METRO_PT_lisbon,2201.0,998373.6000000001
2034,METRO_PT_porto,965.0,437724.0
2034,METRO_PT_amadora,123.0,55792.8
2034,METRO_ES_madrid,4920.0,2231712.0
2034,METRO_ES_barcelona,4134.0,1875182.4
2034,METRO_ES_valencia,600.0,272160.0
2034,METRO_ES_zaragoza,532.0,241315.2
2034,METRO_ES_sevilla,497.0,225439.2
2034,METRO_ES_malaga,424.0,192326.4
2034,METRO_ES_murcia,375.0,170100.0
2034,METRO_ES_palma,354.0,160574.4
2034,METRO_ES_alicante,275.0,124740.0
2034,METRO_ES_las_palmas_de_gran_canaria,272.0,123379.2
2034,METRO_ES_bilbao,244.0,110678.4
2034,METRO_ES_cordoba,261.0,118389.6
2034,METRO_ES_vigo,219.0,99338.40000000001
2034,METRO_ES_valladolid,211.0,95709.6
2034,METRO_ES_gijon,197.0,89359.20000000001
2034,METRO_ES_eixample,186.0,84369.6
2034,METRO_ES_l_hospitalet_de_llobregat,219.0,99338.40000000001
2034,METRO_ES_latina,194.0,87998.40000000001
2034,METRO_ES_carabanchel,183.0,83008.8
2034,METRO_ES_a_coruna,177.0,80287.2
2034,METRO_ES_puente_de_vallecas,176.0,79833.6
2034,METRO_ES_sant_marti,184.0,83462.40000000001
2034,METRO_ES_gasteiz_vitoria,175.0,79380.0
2034,METRO_ES_granada,172.0,78019.2
2034,METRO_ES_elche,176.0,79833.6
2034,METRO_ES_ciudad_lineal,179.0,81194.40000000001
2034,METRO_ES_oviedo,166.0,75297.6
2034,METRO_ES_santa_cruz_de_tenerife,168.0,76204.8
2034,METRO_ES_fuencarral_el_pardo,158.0,71668.8
2034,METRO_ES_badalona,166.0,75297.6
2034,METRO_ES_cartagena,155.0,70308.0
2034,METRO_ES_terrassa,161.0,73029.6
2034,METRO_ES_jerez_de_la_frontera,147.0,66679.2
2034,METRO_ES_sabadell,155.0,70308.0
2034,METRO_ES_mostoles,152.0,68947.2
2034,METRO_ES_alcala_de_henares,154.0,69854.40000000001
2034,METRO_ES_pamplona,147.0,66679.2
2034,METRO_ES_fuenlabrada,134.0,60782.4
2034,METRO_ES_almeria,148.0,67132.8
2034,METRO_ES_leganes,140.0,63504.0
2034,METRO_ES_san_sebastian,132.0,59875.2
2034,METRO_ES_sants_montjuic,131.0,59421.60000000001
2034,METRO_ES_santander,132.0,59875.2
2034,METRO_ES_castello_de_la_plana,143.0,64864.8
2034,METRO_ES_burgos,130.0,58968.0
2034,METRO_ES_albacete,121.0,54885.60000000001
2034,METRO_ES_horta_guinardo,121.0,54885.60000000001
2034,METRO_ES_alcorcon,125.0,56700.0
2034,METRO_ES_getafe,133.0,60328.8
2034,METRO_ES_nou_barris,133.0,60328.8
2034,METRO_CH_zurich,1095.0,496692.0
2034,METRO_CH_geneva,487.0,220903.2
2034,METRO_CH_basel,433.0,196408.8
2034,METRO_CH_lausanne,358.0,162388.8
2034,METRO_CH_bern,337.0,152863.2
2034,METRO_BG_sofia,827.0,375127.2
2034,METRO_BG_plovdiv,224.0,101606.4
2034,METRO_BG_varna,216.0,97977.6
2034,METRO_BG_burgas,132.0,59875.2
2034,METRO_HR_zagreb,447.0,202759.2
2034,METRO_HR_split,105.0,47628.0
2034,METRO_CY_nicosia,150.0,68040.0
2034,METRO_CZ_prague,839.0,380570.4
2034,METRO_CZ_brno,255.0,115668.0
2034,METRO_CZ_ostrava,198.0,89812.8
2034,METRO_CZ_pilsen,105.0,47628.0
2034,METRO_GR_athens,2058.0,933508.8
2034,METRO_GR_thessaloniki,533.0,241768.8
2034,METRO_GR_patras,113.0,51256.8
2034,METRO_GR_piraeus,101.0,45813.60000000001
2034,METRO_HU_budapest,1167.0,529351.2000000001
2034,METRO_HU_debrecen,138.0,62596.8
2034,METRO_HU_miskolc,101.0,45813.60000000001
2034,METRO_HU_szeged,104.0,47174.4
2034,METRO_RO_bucharest,1093.0,495784.8
2034,METRO_RO_iasi,205.0,92988.0
2034,METRO_RO_cluj_napoca,200.0,90720.0
2034,METRO_RO_timisoara,199.0,90266.40000000001
2034,METRO_RO_craiova,178.0,80740.8
2034,METRO_RO_constanta,182.0,82555.2
2034,METRO_RO_galati,163.0,73936.8
2034,METRO_RO_brasov,162.0,73483.2
2034,METRO_RO_ploiesti,136.0,61689.60000000001
2034,METRO_RO_braila,118.0,53524.8
2034,METRO_RO_oradea,128.0,58060.8
2034,METRO_RO_bacau,94.0,42638.4
2034,METRO_RO_arad,102.0,46267.2
2034,METRO_RO_pitesti,101.0,45813.60000000001
2034,METRO_MT_valletta,4.0,1814.4
2034,METRO_SK_bratislava,296.0,134265.6
2034,METRO_SK_kosice,147.0,66679.2
2034,METRO_SI_ljubljana,184.0,83462.40000000001
2034,METRO_LU_luxembourg,78.0,35380.8
2034,NONMETRO_AT,4365.0,1980240.0
2034,NONMETRO_BE,5633.0,2555040.0
2034,NONMETRO_BG,2769.0,1256040.0
2034,NONMETRO_CH,3905.0,1770840.0
2034,NONMETRO_CY,821.0,372000.0
2034,NONMETRO_CZ,5092.0,2310360.0
2034,NONMETRO_DE,45169.0,20488680.0
2034,NONMETRO_DK,3375.0,1531560.0
2034,NONMETRO_EE,605.0,273960.0
2034,NONMETRO_ES,15080.0,6840600.0
2034,NONMETRO_FI,2457.0,1115160.0
2034,NONMETRO_FR,29243.0,13263960.0
2034,NONMETRO_GR,3515.0,1593720.0
2034,NONMETRO_HR,1824.0,826680.0
2034,NONMETRO_HU,4541.0,2059200.0
2034,NONMETRO_IE,2762.0,1253160.0
2034,NONMETRO_IT,22219.0,10078320.0
2034,NONMETRO_LT,1154.0,524280.0
2034,NONMETRO_LU,547.0,247200.0
2034,NONMETRO_LV,850.0,385080.0
2034,NONMETRO_MT,261.0,118800.0
2034,NONMETRO_NL,11555.0,5242080.0
2034,NONMETRO_NO,3372.0,1529520.0
2034,NONMETRO_PL,20173.0,9150360.0
2034,NONMETRO_PT,4034.0,1829640.0
2034,NONMETRO_RO,8560.0,3883320.0
2034,NONMETRO_SE,6169.0,2798280.0
2034,NONMETRO_SI,1186.0,538560.0
2034,NONMETRO_SK,2995.0,1359000.0
